静謐,セイヒツ
辺鄙,ヘンピ
胡散,ウサン
豪放磊落,ゴウホウライラク
羸弱,ルイジャク
敏捷,ビンショウ
昵懇,ジッコン
朧気,オボロゲ
磊落,ライラク
常套,ジョウトウ
阿房,アホウ
驕傲,キョウゴウ
鄙俗,ヒゾク
散々,サンザン
豊穣,ホウジョウ
卑猥,ヒワイ
瑣細,ササイ
貪婪,ドンラン
無疵,ムキズ
上々,ジョウジョウ
獰猛,ドウモウ
懦弱,ダジャク
煩瑣,ハンサ
瑣末,サマツ
合目的々,ゴウモクテキテキ
悲愴,ヒソウ
稀代,キタイ
懶惰,ランダ
豪宕,ゴウトウ
伊達,ダテ
内々,ナイナイ
放埒,ホウラツ
英邁,エイマイ
大々的,ダイダイテキ
下手糞,ヘタクソ
貪慾,ドンヨク
我侭,ワガママ
雄勁,ユウケイ
狭隘,キョウアイ
有耶無耶,ウヤムヤ
蒙昧,モウマイ
呑気,ノンキ
素樸,ソボク
覿面,テキメン
質樸,シツボク
味噌糞,ミソクソ
剛愎,ゴウフク
奸悪,カンアク
軽躁,ケイソウ
無愛嬌,ブアイキョウ
虚心坦懐,キョシンタンカイ
綜合的,ソウゴウテキ
斯様,カヨウ
悠々自適,ユウユウジテキ
魁偉,カイイ
蕪雑,ブザツ
蒼白,ソウハク
倨傲,キョゴウ
剴切,ガイセツ
鞏固,キョウコ
無礙,ムゲ
芒洋,ボウヨウ
険峻,ケンシュン
些細,ササイ
豊饒,ホウジョウ
小癪,コシャク
獰悪,ドウアク
豊艷,ホウエン
剽軽,ヒョウキン
軽佻,ケイチョウ
贅沢,ゼイタク
殷盛,インセイ
剛毅,ゴウキ
癇症,カンショウ
種々,シュジュ
究竟,クッキョウ
艷冶,エンヤ
軽捷,ケイショウ
華奢,キャシャ
高邁,コウマイ
聰明,ソウメイ
様々,サマザマ
卑賎,ヒセン
不躾,ブシツケ
僭越,センエツ
赤裸々,セキララ
不憫,フビン
凄艷,セイエン
尠少,センショウ
小慾,ショウヨク
兇猛,キョウモウ
突慳貪,ツッケンドン
迂遠,ウエン
剣呑,ケンノン
洒落,シャラク
開豁,カイカツ
簡捷,カンショウ
喧騒,ケンソウ
躁急,ソウキュウ
篦棒,ベラボウ
平坦,ヘイタン
色々,イロイロ
綺麗,キレイ
犀利,サイリ
劃期的,カッキテキ
淫靡,インビ
淫猥,インワイ
姦悪,カンアク
暢達,チョウタツ
陋劣,ロウレツ
飄逸,ヒョウイツ
超邁,チョウマイ
堅牢,ケンロウ
兇悪,キョウアク
鷹揚,オウヨウ
佶屈,キックツ
醇朴,ジュンボク
狷介,ケンカイ
樸直,ボクチョク
木訥,ボクトツ
幽艷,ユウエン
厭味,イヤミ
迂愚,ウグ
茫洋,ボウヨウ
嶮難,ケンナン
簡勁,カンケイ
別々,ベツベツ
脆弱,ゼイジャク
峻険,シュンケン
粗笨,ソホン
婉曲,エンキョク
不恰好,ブカッコウ
稀有,ケウ
宏大,コウダイ
尾篭,ビロウ
尾篭,オコ
清冽,セイレツ
薄倖,ハッコウ
不愍,フビン
魯鈍,ロドン
優渥,ユウアク
妖婉,ヨウエン
強靭,キョウジン
寛闊,カンカツ
猥雑,ワイザツ
固陋,コロウ
淫佚,インイツ
杓子定規,シャクシジョウギ
梟悪,キョウアク
粉々,コナゴナ
粗忽,ソコツ
訥弁,トツベン
急峻,キュウシュン
慳貪,ケンドン
僭上,センジョウ
清婉,セイエン
聡明,ソウメイ
宏壮,コウソウ
淳朴,ジュンボク
雅馴,ガジュン
蓮葉,ハスッパ
宏遠,コウエン
敬虔,ケイケン
偏頗,ヘンパ
矮小,ワイショウ
不逞,フテイ
幽邃,ユウスイ
濃艷,ノウエン
億劫,オックウ
摩訶不思議,マカフシギ
峻烈,シュンレツ
出鱈目,デタラメ
雄渾,ユウコン
依怙地,イコジ
嵩高,カサダカ
艷美,エンビ
流暢,リュウチョウ
晦渋,カイジュウ
兇暴,キョウボウ
無闇矢鱈,ムヤミヤタラ
雑駁,ザッパク
遼遠,リョウエン
無垢,ムク
峻厳,シュンゲン
下賎,ゲセン
豪奢,ゴウシャ
妖艷,ヨウエン
淳良,ジュンリョウ
暢気,ノンキ
老獪,ロウカイ
姑息,コソク
宏量,コウリョウ
邪慳,ジャケン
清楚,セイソ
理智的,リチテキ
芳醇,ホウジュン
明晰,メイセキ
躁鬱,ソウウツ
稠密,チョウミツ
稠密,チュウミツ
小綺麗,コギレイ
執拗,シツヨウ
沈毅,チンキ
饒舌,ジョウゼツ
大袈裟,オオゲサ
淫蕩,イントウ
可憐,カレン
気侭,キママ
少慾,ショウヨク
醇美,ジュンビ
我儘,ワガママ
杜漏,ズロウ
健啖,ケンタン
洒脱,シャダツ
不羈,フキ
無聊,ブリョウ
鄭重,テイチョウ
貧賎,ヒンセン
直截,チョクセツ
直截,チョクサイ
朴訥,ボクトツ
強靱,キョウジン
無碍,ムゲ
驕慢,キョウマン
精悍,セイカン
慧眼,ケイガン
微賎,ビセン
活溌,カッパツ
艷麗,エンレイ
糞味噌,クソミソ
白几帳面,シラキチョウメン
扁平,ヘンペイ
野鄙,ヤヒ
清艷,セイエン
些少,サショウ
強慾,ゴウヨク
滅多矢鱈,メッタヤタラ
胴慾,ドウヨク
快闊,カイカツ
放佚,ホウイツ
恰好,カッコウ
几帳面,キチョウメン
自侭,ジママ
莫大,バクダイ
闊達,カッタツ
怪訝,ケゲン
無慙,ムザン
褊狭,ヘンキョウ
炯眼,ケイガン
優艷,ユウエン
卑怯,ヒキョウ
稀薄,キハク
優婉,ユウエン
放肆,ホウシ
鄙劣,ヒレツ
鼻高々,ハナタカダカ
広闊,コウカツ
熾烈,シレツ
明媚,メイビ
等々,トウトウ
旧臘,キュウロウ
一昨々日,サキオトトイ
屡次,ルジ
所々,トコロドコロ
各々,オノオノ
少々,ショウショウ
津々浦々,ツツウラウラ
生々世々,ショウジョウセゼ
数々,カズカズ
世々,ヨヨ
代々,ダイダイ
年々,ネンネン
処々,トコロドコロ
方々,ホウボウ
夜々,ヨヨ
客臘,カクロウ
末々,スエズエ
鎧袖一触,ガイシュウイッショク
爾後,ジゴ
日々,ヒビ
輓近,バンキン
畢生,ヒッセイ
隙々,ヒマヒマ
暇々,ヒマヒマ
一昨々年,サキオトトシ
先々,サキザキ
未来永劫,ミライエイゴウ
月々,ツキヅキ
後々,アトアト
賃搗,チンヅキ
紙鳶,イカノボリ
厨子,ズシ
坐禅,ザゼン
薩摩芋,サツマイモ
濫觴,ランショウ
撩乱,リョウラン
小倉餡,オグラアン
榕樹,ヨウジュ
紡錘形,ボウスイケイ
貽貝,イガイ
已然,イゼン
段梯子,ダンバシゴ
辨慶縞,ベンケイジマ
軟膏,ナンコウ
蝿帳,ハイチョウ
剣呑,ケンノン
倭語,ワゴ
裳層,ヒサシ
行灯袴,アンドンバカマ
炒飯,チャーハン
界隈,カイワイ
小糠雨,コヌカアメ
八紘,ハッコウ
一匹狼,イッピキオオカミ
雪見灯篭,ユキミドウロウ
頬骨,ホオボネ
剛毅,ゴウキ
袴能,ハカマノウ
太々神楽,ダイダイカグラ
豊葦原,トヨアシハラ
事蹟,ジセキ
海鞘,ホヤ
切篭,キリコ
四十雀,シジュウカラ
傭人,ヨウニン
清冽,セイレツ
防諜,ボウチョウ
白堊,ハクア
平家蟹,ヘイケガニ
黄塵,コウジン
麝香,ジャコウ
砂糖黍,サトウキビ
紅毛碧眼,コウモウヘキガン
紬糸,ツムギイト
緋牡丹,ヒボタン
元々,モトモト
蓮台,レンダイ
華燭,カショク
天真爛漫,テンシンランマン
博引旁証,ハクインボウショウ
柾目,マサメ
吸瓢,スイフクベ
毒蛾,ドクガ
桃栗三年柿八年,モモクリサンネンカキハチネン
檀林,ダンリン
石筍,セキジュン
鉄蹄,テッテイ
竜頭鷁首,リュウトウゲキシュ
竜頭鷁首,リョウトウゲキシュ
棒杙,ボウグイ
暴虎馮河,ボウコヒョウガ
魂魄,コンパク
鍔際,ツバギワ
興味津々,キョウミシンシン
烏天狗,カラステング
水俣病,ミナマタビョウ
伊呂波,イロハ
如菩薩,ニョボサツ
佳辰,カシン
山雀,ヤマガラ
巻鮨,マキズシ
独擅場,ドクセンジョウ
山姥,ヤマウバ
山姥,ヤマンバ
葉腋,ヨウエキ
刀瘢,トウハン
煉物,ネリモノ
正々堂々,セイセイドウドウ
瑞雲,ズイウン
夾侍,キョウジ
経帷子,キョウカタビラ
叛旗,ハンキ
木醋,モクサク
三度笠,サンドガサ
去痰,キョタン
幣帛,ヘイハク
撞木,シュモク
狂涛,キョウトウ
阿闍梨,アジャリ
蔬菜,ソサイ
仮寓,カグウ
浅茅,アサジ
栗色,クリイロ
開闢,カイビャク
犢鼻褌,フンドシ
和漢混淆文,ワカンコンコウブン
海鼠腸,コノワタ
貪慾,ドンヨク
僻論,ヘキロン
永劫,エイゴウ
坐職,ザショク
白髯,ハクゼン
憮然,ブゼン
姦雄,カンユウ
芥子,カラシ
芥子,ケシ
篆字,テンジ
敬虔,ケイケン
波瀾万丈,ハランバンジョウ
薮医者,ヤブイシャ
糞度胸,クソドキョウ
冷罨法,レイアンポウ
落鮎,オチアユ
断篇,ダンペン
薙刀草履,ナギナタゾウリ
栗饅頭,クリマンジュウ
飛瀑,ヒバク
烽火,ホウカ
一酉,イチノトリ
善智識,ゼンチシキ
飄逸,ヒョウイツ
鱈子,タラコ
狐格子,キツネゴウシ
椎茸,シイタケ
望蜀,ボウショク
烟管,エンカン
鳩麦,ハトムギ
素樸,ソボク
油母頁岩,ユボケツガン
焼夷弾,ショウイダン
叢書,ソウショ
交誼,コウギ
鈴蘭灯,スズラントウ
末梢,マッショウ
逆鱗,ゲキリン
蔓生,マンセイ
敏捷,ビンショウ
厭地,イヤチ
西瓜,スイカ
病蓐,ビョウジョク
老耄,オイボレ
老耄,ロウモウ
蚊蜻蛉,カトンボ
金太郎飴,キンタロウアメ
酒杜氏,サカトウジ
黄精飴,オウセイアメ
柴刈,シバカリ
螢袋,ホタルブクロ
段々畑,ダンダンバタケ
尾燈,ビトウ
匪徒,ヒト
醋酸,サクサン
蓮歩,レンポ
藍碧,ランペキ
南無妙法蓮華経,ナムミョウホウレンゲキョウ
解頤,カイイ
蜘蛛猿,クモザル
素馨,ソケイ
蠧毒,トドク
山颪,ヤマオロシ
雀焼,スズメヤキ
厭世,エンセイ
雪兎,ユキウサギ
世々,セゼ
秘蹟,ヒセキ
優婉,ユウエン
卒爾,ソツジ
対蹠,タイショ
赤味噌,アカミソ
硅酸,ケイサン
常々,ツネヅネ
烏帽子,エボシ
縦縞,タテジマ
狭筵,サムシロ
気息奄奄,キソクエンエン
大旱,タイカン
燕尾,エンビ
屍毒,シドク
天竺牡丹,テンジクボタン
玉蜀黍,トウモロコシ
邪智,ジャチ
別盃,ベッパイ
三椏,ミツマタ
瑞祥,ズイショウ
艱難,カンナン
蕩児,トウジ
苧環,オダマキ
紅蜀葵,コウショッキ
炭砿,タンコウ
銀髯,ギンゼン
鯉口,コイグチ
浅茅生,アサジュウ
阿弥陀如来,アミダニョライ
蹶然,ケツゼン
小牡鹿,サヲシカ
酢漿,カタバミ
鄙劣,ヒレツ
脱疽,ダッソ
侠客,キョウカク
樽柿,タルガキ
伊達巻,ダテマキ
小慾,ショウヨク
反駁木,ハンバクギ
不憫,フビン
観世音菩薩,カンゼオンボサツ
平仄,ヒョウソク
蛍烏賊,ホタルイカ
戌年,イヌドシ
紙礫,カミツブテ
矢筈,ヤハズ
行李,コウリ
葦原雀,ヨシワラスズメ
白洲,シラス
懸壅垂,ケンヨウスイ
隊伍,タイゴ
蝋色,ロイロ
臑当,スネアテ
桂皮,ケイヒ
細瑾,サイキン
全智,ゼンチ
輿地,ヨチ
不恰好,ブカッコウ
廻文,カイブン
蕎麦殻,ソバガラ
頽勢,タイセイ
麒麟児,キリンジ
女衒,ゼゲン
甘汞,カンコウ
麦稈真田,バッカンサナダ
余祿,ヨロク
阿茶羅漬,アチャラヅケ
葦辺,アシベ
郁子,ムベ
蠧魚,シミ
蠧魚,トギョ
蝦根,エビネ
僻説,ヘキセツ
海鼠壁,ナマコカベ
嬰児,エイジ
嬰児,ミドリゴ
袋綴,フクロトジ
奇瑞,キズイ
姥貝,ウバガイ
駿馬,シュンメ
慶庵,ケイアン
麈尾,シュビ
矜持,キンジ
矜持,キョウジ
巴旦杏,ハタンキョウ
馬楝,バレン
箇々人,ココジン
蛸配当,タコハイトウ
宿駕篭,シュクカゴ
魯魚,ロギョ
漿液,ショウエキ
允許,インキョ
孟浪,モウロウ
遅々,チチ
回祿,カイロク
桂冠,ケイカン
真桑瓜,マクワウリ
妓楼,ギロウ
朔北,サクホク
垂迹,スイジャク
焼鏝,ヤキゴテ
暗渠排水,アンキョハイスイ
廟所,ビョウショ
躯幹,クカン
上腿,ジョウタイ
釈迦,シャカ
暮靄,ボアイ
屍骸,シガイ
曾祖,ソウソ
紫檀,シタン
貧賎,ヒンセン
辻札,ツジフダ
痩躯,ソウク
三題咄,サンダイバナシ
杓文字,シャモジ
茶々,チャチャ
三巴,ミツドモエ
礫土,レキド
昇汞,ショウコウ
茅花,ツバナ
子癇,シカン
法蓮,ホウレン
潅仏,カンブツ
栄耀栄華,エイヨウエイガ
南京鼠,ナンキンネズミ
坐薬,ザヤク
群聚,グンシュウ
水嵩,ミズカサ
茶筅,チャセン
湯垢,ユアカ
黄蘗,オウバク
黄蘗,キハダ
場裡,ジョウリ
丁髷,チョンマゲ
三叉,ミツマタ
三叉,サンサ
羚羊,カモシカ
脛骨,ケイコツ
岩燕,イワツバメ
旧套,キュウトウ
湯烟,ユケムリ
佃煮,ツクダニ
華冑,カチュウ
芥子菜,カラシナ
花蓆,ハナムシロ
皿秤,サラバカリ
髷物,マゲモノ
鶏糞,ケイフン
鹹水魚,カンスイギョ
燕麦,エンバク
粒々辛苦,リュウリュウシンク
巷説,コウセツ
膿瘍,ノウヨウ
床几,ショウギ
檀越,ダンオチ
常磐津,トキワヅ
不逞,フテイ
叛軍,ハングン
岩漿,ガンショウ
蛸坊主,タコボウズ
兇刃,キョウジン
鄭重,テイチョウ
腋毛,ワキゲ
鍬形,クワガタ
僭越,センエツ
梵論,ボロ
扁舟,ヘンシュウ
白鼠,シロネズミ
脚榻,キャタツ
翠色,スイショク
仇名,アダナ
石菖,セキショウ
緋鹿子,ヒガノコ
缺陥,ケッカン
饑寒,キカン
疝気筋,センキスジ
才槌頭,サイヅチアタマ
雨霰,アメアラレ
猪武者,イノシシムシャ
木苺,キイチゴ
掩蓋,エンガイ
討匪,トウヒ
蝕分,ショクブン
硼砂,ホウシャ
神苑,シンエン
俚耳,リジ
智力,チリョク
淳朴,ジュンボク
小蔭,コカゲ
余禄,ヨロク
光蘚,ヒカリゴケ
柳樽,ヤナギダル
奸賊,カンゾク
啄木,タクボク
燗酒,カンザケ
釣篭,ツリカゴ
靖国,ヤスクニ
篦棒,ベラボウ
白楊,ドロヤナギ
白楊,ハクヨウ
白楊,ドロノキ
出刃庖丁,デバボウチョウ
誘蛾灯,ユウガトウ
正閏,セイジュン
宋朝,ソウチョウ
晒木綿,サラシモメン
覗機関,ノゾキカラクリ
笹竹,ササタケ
阿片,アヘン
和姦,ワカン
薬莢,ヤッキョウ
海棠,カイドウ
山巓,サンテン
頚部,ケイブ
百合鴎,ユリカモメ
獅噛火鉢,シカミヒバチ
朋友,ホウユウ
葦原,アシハラ
霊柩車,レイキュウシャ
虚空蔵菩薩,コクウゾウボサツ
牡丹餅,ボタモチ
箇々,ココ
高野槙,コウヤマキ
分水嶺,ブンスイレイ
帰謬法,キビュウホウ
耐蝕,タイショク
酒粕,サケカス
書牘,ショトク
良禽,リョウキン
忽諸,コッショ
糸蚯蚓,イトミミズ
鎖帷子,クサリカタビラ
翠帳紅閨,スイチョウコウケイ
附註,フチュウ
鞘巻,サヤマキ
面皰,ニキビ
耳帖,ミミチョウ
挽肉,ヒキニク
細螺,キシャゴ
細螺,キサゴ
鳳仙花,ホウセンカ
自家撞着,ジカドウチャク
熱鬧,ネットウ
団栗,ドングリ
炭竃,スミガマ
尾鰭,オビレ
垢離,コリ
驕兵,キョウヘイ
勝鬨,カチドキ
只事,タダゴト
千篇一律,センペンイチリツ
吊眼,ツリメ
巌冬,ゲントウ
優諚,ユウジョウ
手鞠,テマリ
握鮨,ニギリズシ
嚆矢,コウシ
声々,コエゴエ
用箪笥,ヨウダンス
手篭,テカゴ
手篭,テゴメ
粉糠,コヌカ
憑物,ツキモノ
溢美,イツビ
譫妄,センモウ
余塵,ヨジン
榴弾,リュウダン
快闊,カイカツ
白絣,シロガスリ
辰宿,シンシュク
弓杖,ユンヅエ
雨笠,アマガサ
籾米,モミゴメ
巡錫,ジュンシャク
梵鐘,ボンショウ
碧水,ヘキスイ
蜜柑色,ミカンイロ
癇声,カンゴエ
弩級艦,ドキュウカン
詭計,キケイ
斧正,フセイ
頭陀,ズダ
五人囃子,ゴニンバヤシ
爾余,ジヨ
白狐,ビャッコ
戦戦兢兢,センセンキョウキョウ
蕃社,バンシャ
鄙見,ヒケン
菩薩戒,ボサツカイ
薮井竹庵,ヤブイチクアン
真鯵,マアジ
臙脂,エンジ
嚢中,ノウチュウ
胡桃,クルミ
饂飩粉,ウドンコ
断々乎,ダンダンコ
真魚鰹,マナガツオ
老爺,ロウヤ
姦婦,カンプ
溲瓶,シュビン
溲瓶,シビン
藁布団,ワラブトン
尾篭,オコ
香盒,コウゴウ
月桂,ゲッケイ
痳毒,リンドク
続篇,ゾクヘン
潜函,センカン
智慧歯,チエバ
紅生姜,ベニショウガ
煉丹,レンタン
胡麻幹,ゴマガラ
高鼾,タカイビキ
蜂窩,ホウカ
捲線,マキセン
蒼枯,ソウコ
衆智,シュウチ
小綬鶏,コジュケイ
咎人,トガニン
吊手,ツリテ
霞目,カスミメ
灰塵,カイジン
早蕨,サワラビ
糶市,セリイチ
鉦鼓,ショウコ
軽袗,カルサン
颯爽,サッソウ
梨瓜,ナシウリ
間竿,ケンザオ
訓詁,クンコ
慧眼,ケイガン
裂帛,レッパク
禁厭,キンエン
土匪,ドヒ
独楽鼠,コマネズミ
柏手,カシワデ
吾妹,ワギモ
艱苦,カンク
卵巣膿腫,ランソウノウシュ
釘抜,クギヌキ
湯桶読,ユトウヨミ
挽歌,バンカ
隔靴掻痒,カッカソウヨウ
食祿,ショクロク
古伊万里,コイマリ
岩躑躅,イワツツジ
悪洒落,ワルジャレ
顛末,テンマツ
車蝦,クルマエビ
媚薬,ビヤク
白毫,ビャクゴウ
置炬燵,オキゴタツ
年々歳々,ネンネンサイサイ
華奢,キャシャ
桝目,マスメ
撫子,ナデシコ
鯣烏賊,スルメイカ
綾羅,リョウラ
金鵄,キンシ
軽捷,ケイショウ
曩祖,ノウソ
Δ変調,デルタヘンチョウ
缺点,ケッテン
留桶,トメオケ
綸旨,リンジ
辨慶草,ベンケイソウ
堡塁,ホルイ
堡塁,ホウルイ
溜息,タメイキ
粉黛,フンタイ
蓑毛,ミノゲ
機鋒,キホウ
梁山泊,リョウザンパク
空蝉,ウツセミ
翠緑,スイリョク
激湍,ゲキタン
綸子,リンズ
赤樫,アカガシ
野晒,ノザラシ
海嘯,カイショウ
海嘯,ツナミ
瘡痕,ソウコン
辰星,シンセイ
年嵩,トシカサ
腋臭,ワキガ
屠牛,トギュウ
微賎,ビセン
皐月,サツキ
笊蕎麦,ザルソバ
奴凧,ヤッコダコ
黄檗宗,オウバクシュウ
鴨跖草,ツキクサ
渾然,コンゼン
管絃,カンゲン
旅篭銭,ハタゴセン
城廓,ジョウカク
馬筏,ウマイカダ
馬鍬,マグワ
馬鍬,マンガ
漆喰,シックイ
檀紙,ダンシ
外濠,ソトボリ
酉町,トリノマチ
紙燭,シソク
書肆,ショシ
夕蝉,ユウゼミ
爪楊枝,ツマヨウジ
鳶職,トビショク
乱杙,ラングイ
悄然,ショウゼン
瓦斯,ガス
舵機,ダキ
月々,ツキヅキ
杜氏,トウジ
蛙股,カエルマタ
繭紬,ケンチュウ
堂々,ドウドウ
兜巾,トキン
馬謖,バショク
菩提心,ボダイシン
廻章,カイショウ
虫鰈,ムシガレイ
三々九度,サンサンクド
眼睛,ガンセイ
常磐,トキワ
都塵,トジン
鼻茸,ハナタケ
千歳飴,チトセアメ
先鞭,センベン
転轍機,テンテツキ
瀝青,レキセイ
三羽烏,サンバガラス
鴬嬢,ウグイスジョウ
盲縞,メクラジマ
紆余,ウヨ
鴬豆,ウグイスマメ
廃墟,ハイキョ
檄文,ゲキブン
艷色,エンショク
神佑,シンユウ
馬蝿,ウマバエ
翠柳,スイリュウ
蘇方,スオウ
俎上,ソジョウ
粒々,リュウリュウ
一疋,イッピキ
破戒無慙,ハカイムザン
自侭,ジママ
無辜,ムコ
翠緑玉,スイリョクギョク
長薯,ナガイモ
橋杭,ハシグイ
唖鈴,アレイ
僻村,ヘキソン
三酉,サンノトリ
椴松,トドマツ
捩子,ネジ
海酸漿,ウミホオズキ
初茸,ハツタケ
猪牙,チョキ
飄然,ヒョウゼン
唐櫃,カラビツ
叉木,マタギ
金牌,キンパイ
膠質,コウシツ
蘭方,ランポウ
花菖蒲,ハナアヤメ
花菖蒲,ハナショウブ
蓬髪,ホウハツ
辺陬,ヘンスウ
柱聯,チュウレン
讚仰,サンコウ
豆粕,マメカス
歴々,レキレキ
麦稈,バッカン
僻地,ヘキチ
錆色,サビイロ
其者,ソレシャ
邏卒,ラソツ
杣木,ソマギ
池塘,チトウ
衣裳,イショウ
自信満々,ジシンマンマン
黒黴,クロカビ
彌蔵,ヤゾウ
味醂,ミリン
理智,リチ
厨房,チュウボウ
薩摩焼,サツマヤキ
津々,シンシン
竿頭,カントウ
盲唖,モウア
眸子,ボウシ
珊瑚礁,サンゴショウ
男鰥,オトコヤモメ
鴻恩,コウオン
雀羅,ジャクラ
瑞垣,ミズガキ
倦怠期,ケンタイキ
醍醐味,ダイゴミ
奔湍,ホンタン
紡錘,ボウスイ
紡錘,ツム
古狐,フルギツネ
霊廟,レイビョウ
鳩舎,キュウシャ
濡仏,ヌレボトケ
笠子,カサゴ
血汐,チシオ
鷺舞,サギマイ
出歯龜,デバカメ
曠野,コウヤ
曠野,アラノ
須彌山,シュミセン
内廓,ナイカク
鉄漿蜻蛉,オハグロトンボ
権輿,ケンヨ
蟻酸,ギサン
詫状,ワビジョウ
淫佚,インイツ
少慾,ショウヨク
恋々,レンレン
朧気,オボロゲ
阿鼻地獄,アビジゴク
労咳,ロウガイ
叛徒,ハント
薄羽蜉蝣,ウスバカゲロウ
不羈,フキ
松毬,マツボックリ
松毬,マツカサ
癩病,ライビョウ
碧空,ヘキクウ
驍将,ギョウショウ
不銹鋼,フシュウコウ
空嘔,カラエズキ
嬉涙,ウレシナミダ
天麩羅,テンプラ
賎民,センミン
仏掌薯,ツクネイモ
地曳,ジビキ
囈言,ウワゴト
槍術,ソウジュツ
脈々,ミャクミャク
刻々,コッコク
棉花,メンカ
龕灯提灯,ガンドウヂョウチン
綴方,ツヅリカタ
麻雀,マージャン
瑞象,ズイショウ
勢至菩薩,セイシボサツ
別々,ベツベツ
俘囚,フシュウ
大牢,タイロウ
草鞋虫,ワラジムシ
左褄,ヒダリヅマ
七種粥,ナナクサガユ
金襴,キンラン
沛然,ハイゼン
無缺,ムケツ
灸治,キュウジ
敵愾心,テキガイシン
尨毛,ムクゲ
獰悪,ドウアク
相槌,アイヅチ
弥勒,ミロク
論纂,ロンサン
阿弥陀籤,アミダクジ
謀叛,ムホン
法帖,ホウジョウ
男伊達,オトコダテ
残闕,ザンケツ
腰紐,コシヒモ
親爺,オヤジ
才智,サイチ
嬌笑,キョウショウ
手焙,テアブリ
侠勇,キョウユウ
腱鞘炎,ケンショウエン
糸蒟蒻,イトゴンニャク
紙幟,カミノボリ
灯心蜻蛉,トウシミトンボ
灯心蜻蛉,トウスミトンボ
灯心蜻蛉,トウシントンボ
二化螟虫,ニカメイチュウ
床框,トコガマチ
尨犬,ムクイヌ
汲水,キュウスイ
棺桶,カンオケ
夜叉,ヤシャ
革綴,カワトジ
贅沢,ゼイタク
菠薐草,ホウレンソウ
〆切,シメキリ
都鄙,トヒ
浮塵子,ウンカ
妓夫,ギフ
妓夫,ギュウ
樫鳥,カシドリ
貴賎,キセン
槿花,キンカ
花籤,ハナクジ
稀有,ケウ
廟宇,ビョウウ
大和撫子,ヤマトナデシコ
紋帖,モンチョウ
四角号碼,シカクゴウマ
大蒜,ニンニク
迦陵頻伽,カリョウビンガ
牢屋,ロウヤ
坐高,ザコウ
弗素,フッソ
鼠取,ネズミトリ
袴着,ハカマギ
蟹股,ガニマタ
薩摩隼人,サツマハヤト
風塵,フウジン
露坐,ロザ
輪廓,リンカク
夢寐,ムビ
頬白,ホオジロ
利鞘,リザヤ
藤蔓,フジヅル
尤物,ユウブツ
固陋,コロウ
聰明,ソウメイ
恩寵,オンチョウ
黄燐,オウリン
蟻巻,アリマキ
茶漉,チャコシ
行々子,ギョウギョウシ
燎原,リョウゲン
金鳳花,キンポウゲ
裂罅,レッカ
深編笠,フカアミガサ
水秤,ミズバカリ
淋病,リンビョウ
鴬色,ウグイスイロ
絹紬,ケンチュウ
肋材,ロクザイ
芝蝦,シバエビ
移徙,ワタマシ
愛妾,アイショウ
缺本,ケッポン
濡色,ヌレイロ
綴目,トジメ
笑窪,エクボ
肉慾,ニクヨク
艷福,エンプク
瀝青炭,レキセイタン
種籾,タネモミ
堅牢,ケンロウ
紐付,ヒモツキ
制癌剤,セイガンザイ
尠少,センショウ
孺子,ジュシ
眷族,ケンゾク
賞盃,ショウハイ
峻烈,シュンレツ
目睫,モクショウ
坐像,ザゾウ
惨憺,サンタン
寒垢離,カンゴリ
破瓜期,ハカキ
介党鱈,スケトウダラ
種々相,シュジュソウ
面繋,オモガイ
独鈷,トッコ
玉什,ギョクジュウ
瘡気,カサケ
僭主,センシュ
亥年,イドシ
紅鮭,ベニザケ
弓矢八幡,ユミヤハチマン
銀盃,ギンパイ
几帳,キチョウ
孵卵,フラン
鱗茎,リンケイ
妾宅,ショウタク
徐々,ジョジョ
底曳網,ソコビキアミ
辣韮,ラッキョウ
壊疽,エソ
驟雨,シュウウ
内股膏薬,ウチマタゴウヤク
黄櫨染,コウロゼン
楊枝,ヨウジ
自彊,ジキョウ
曳光弾,エイコウダン
鷹狩,タカガリ
撰者,センジャ
鋸歯,キョシ
侠骨,キョウコツ
脆弱,ゼイジャク
綴錦,ツヅレニシキ
几帳面,キチョウメン
槍持,ヤリモチ
狭窄,キョウサク
埴生,ハニュウ
贋金,ニセガネ
仇浪,アダナミ
諺文,オンモン
猪首,イクビ
下手糞,ヘタクソ
神祇,ジンギ
儼然,ゲンゼン
臍下丹田,セイカタンデン
彫心鏤骨,チョウシンルコツ
翌々,ヨクヨク
押釦,オシボタン
匪賊,ヒゾク
駿足,シュンソク
行住坐臥,ギョウジュウザガ
畦道,アゼミチ
篭目,カゴメ
和讚,ワサン
真贋,シンガン
荒磯,アリソ
荒磯,アライソ
杏仁,キョウニン
鹵簿,ロボ
牢獄,ロウゴク
利休鼠,リキュウネズミ
俯角,フカク
訓蒙,クンモウ
雀色,スズメイロ
横槍,ヨコヤリ
鈴蘭,スズラン
間歇泉,カンケツセン
蒔絵,マキエ
脱兎,ダット
俗塵,ゾクジン
老妓,ロウギ
浮游生物,フユウセイブツ
灸穴,キュウケツ
慇懃無礼,インギンブレイ
雛鳥,ヒナドリ
孤雁,コガン
王蟲,オウム
坪菫,ツボスミレ
網襦袢,アミジバン
鎌髭,カマヒゲ
正麩,ショウフ
慈姑,クワイ
大島紬,オオシマツムギ
紫蘭,シラン
蓄膿症,チクノウショウ
塵界,ジンカイ
頑癬,ガンセン
面舵,オモカジ
一瀉千里,イッシャセンリ
禁苑,キンエン
宏量,コウリョウ
雅馴,ガジュン
麝香猫,ジャコウネコ
血漿,ケッショウ
白瓜,シロウリ
国々,クニグニ
栄螺,サザエ
銀杏形,イチョウガタ
順々,ジュンジュン
毛繻子,ケジュス
梳毛,ソモウ
軽鬆土,ケイソウド
墨烏賊,スミイカ
木蘭色,モクランジキ
澆季,ギョウキ
鍋鉉,ナベヅル
藻汐草,モシオグサ
欽定,キンテイ
轆轤台,ロクロダイ
茫漠,ボウバク
臘月,ロウゲツ
珪素,ケイソ
旱天,カンテン
乞丐,コツガイ
穿井,センセイ
撥音,バチオト
撥音,ハツオン
草雲雀,クサヒバリ
九仞,キュウジン
豊饒,ホウジョウ
秘訣,ヒケツ
恬然,テンゼン
悍馬,カンバ
天空海闊,テンクウカイカツ
廻心,エシン
螺子,ネジ
薙刀酸漿,ナギナタホオズキ
一張一弛,イッチョウイッシ
背鰭,セビレ
儒艮,ジュゴン
洛陽,ラクヨウ
衍字,エンジ
帷子,カタビラ
綺羅星,キラボシ
大腿,ダイタイ
杏林,キョウリン
甘藷,カンショ
甘藷,サツマイモ
甲冑,カッチュウ
月桂樹,ゲッケイジュ
不撓,フトウ
梯酒,ハシゴザケ
廻航,カイコウ
男旱,オトコヒデリ
佚書,イッショ
旭日,キョクジツ
藁半紙,ワラバンシ
手翰,シュカン
火箭,ヒヤ
火箭,カセン
綺羅,キラ
麹菌,コウジキン
芳醇,ホウジュン
極楽蜻蛉,ゴクラクトンボ
流竄,リュウザン
苧麻,カラムシ
苧麻,チョマ
楔形文字,クサビガタモジ
楔形文字,セッケイモンジ
御佩刀,ミハカシ
彌助,ヤスケ
花篭,ハナカゴ
恙虫,ツツガムシ
値鞘,ネザヤ
土竃,ドガマ
鼾声,カンセイ
蒲鉾形,カマボコガタ
三碧,サンペキ
莫大,バクダイ
苹果,リンゴ
緇衣,シエ
緇衣,シイ
麻疹,ハシカ
高髷,タカマゲ
斬奸状,ザンカンジョウ
久々,ヒサビサ
大廈,タイカ
栄耀,エイヨウ
繋辞,ケイジ
痛痒,ツウヨウ
呑口,ノミグチ
真田紐,サナダヒモ
膠状,コウジョウ
寸毫,スンゴウ
朗々,ロウロウ
贋札,ニセサツ
鼠算,ネズミザン
高禄,コウロク
毘盧遮那仏,ビルシャナブツ
脳溢血,ノウイッケツ
高襷,タカダスキ
蟯虫,ギョウチュウ
青蛙,アオガエル
什器,ジュウキ
鳳声,ホウセイ
百日咳,ヒャクニチゼキ
茶筌髪,チャセンガミ
獅子奮迅,シシフンジン
聖餐,セイサン
痲酔,マスイ
細瑕,サイカ
日雀,ヒガラ
朧昆布,オボロコブ
酒盃,シュハイ
馬蹄,バテイ
掛衿,カケエリ
蝦夷松,エゾマツ
唐鋤,カラスキ
煉獄,レンゴク
鳶色,トビイロ
昼鳶,ヒルトンビ
唐綾,カラアヤ
鬘下,カツラシタ
狐拳,キツネケン
李下,リカ
苗裔,ビョウエイ
紺絣,コンガスリ
鉛槧,エンザン
老媼,ロウオウ
焚物,タキモノ
肯綮,コウケイ
好誼,コウギ
瑞光,ズイコウ
汲取口,クミトリグチ
福祿寿,フクロクジュ
念々,ネンネン
僻心,ヒガゴコロ
潅腸,カンチョウ
集塵機,シュウジンキ
頚動脈,ケイドウミャク
延々,エンエン
板葺,イタブキ
顴骨,カンコツ
顴骨,ケンコツ
倭文,シズ
奸雄,カンユウ
七分搗,シチブヅキ
飴色,アメイロ
濡髪,ヌレガミ
動悸,ドウキ
惚気,ノロケ
桂冠詩人,ケイカンシジン
脈搏,ミャクハク
海豹,アザラシ
海豹,カイヒョウ
臥所,フシド
青鞜,セイトウ
竹槍,タケヤリ
寓話,グウワ
蔓質,ツルダチ
翰墨,カンボク
紅葉葵,モミジアオイ
鳥黐,トリモチ
稟質,ヒンシツ
甘海苔,アマノリ
土饅頭,ドマンジュウ
仮庵,カリホ
梳油,スキアブラ
聖廟,セイビョウ
蘭医,ランイ
生薑,ショウガ
柘植,ツゲ
森々,シンシン
砥石,トイシ
艷歌,エンカ
斯道,シドウ
溝鼠,ドブネズミ
緋色,ヒイロ
蕪辞,ブジ
薬篭,ヤクロウ
颱風,タイフウ
鳴鏑,ナリカブラ
空挺,クウテイ
謬説,ビョウセツ
燧金,ヒウチガネ
縮緬雑魚,チリメンジャコ
余蘊,ヨウン
石榴口,ザクログチ
鼻梁,ビリョウ
鼻腔,ビコウ
水瀉,スイシャ
姦夫,カンプ
雨蛙,アマガエル
穀蛾,コクガ
麾下,キカ
馬糞,バフン
馬糞,マグソ
兇行,キョウコウ
山賎,ヤマガツ
胸糞,ムナクソ
胸糞,ムネクソ
外廓,ガイカク
麦藁蜻蛉,ムギワラトンボ
艷麗,エンレイ
刳舟,クリフネ
侘助,ワビスケ
蛾眉,ガビ
歯朶,シダ
尚々書,ナオナオガキ
亭々,テイテイ
茄子,ナスビ
茄子,ナス
捷報,ショウホウ
惟神,カンナガラ
梁木,リョウボク
鍾乳石,ショウニュウセキ
金壷眼,カナツボマナコ
河鹿蛙,カジカガエル
躁鬱病,ソウウツビョウ
百花繚乱,ヒャッカリョウラン
手鉤,テカギ
新撰,シンセン
法螺貝,ホラガイ
孟母,モウボ
阿修羅,アシュラ
筍生活,タケノコセイカツ
鄙俗,ヒゾク
麦藁,ムギワラ
神輿,シンヨ
神輿,ミコシ
揚々,ヨウヨウ
庇髪,ヒサシガミ
恐惶,キョウコウ
檀那,ダンナ
錆声,サビゴエ
元祿袖,ゲンロクソデ
古蹟,コセキ
両々,リョウリョウ
譬喩,ヒユ
漠々,バクバク
曠職,コウショク
合鴨,アイガモ
駻馬,カンバ
毛虱,ケジラミ
雛菊,ヒナギク
盧遮那仏,ルシャナブツ
豊穣,ホウジョウ
訳註,ヤクチュウ
餡蜜,アンミツ
菅薦,スガゴモ
殿様蛙,トノサマガエル
艷物,ツヤモノ
手燭,テショク
手燭,シュショク
雁来紅,ハゲイトウ
雁来紅,ガンライコウ
鴃舌,ゲキゼツ
萌黄,モエギ
聾者,ロウシャ
黄疸,オウダン
孟春,モウシュン
熱々,アツアツ
笑茸,ワライダケ
革砥,カワト
南無阿彌陀仏,ナムアミダブツ
姫糊,ヒメノリ
鴨脚,イチョウ
奇蹟,キセキ
稀少,キショウ
妖婉,ヨウエン
神饌,シンセン
梟将,キョウショウ
唐丸篭,トウマルカゴ
祿米,ロクマイ
小皺,コジワ
稟性,ヒンセイ
虎鬚,トラヒゲ
倭歌,ヤマトウタ
驥足,キソク
逢瀬,オウセ
磐石,バンジャク
吾妻,アヅマ
佞臣,ネイシン
身欠鰊,ミガキニシン
腎盂,ジンウ
傷痍軍人,ショウイグンジン
毛氈,モウセン
石鯛,イシダイ
快哉,カイサイ
雲烟縹緲,ウンエンヒョウビョウ
智識,チシキ
養鰻,ヨウマン
一口咄,ヒトクチバナシ
側杖,ソバヅエ
健啖,ケンタン
出鱈目,デタラメ
編笠,アミガサ
扁桃腺,ヘントウセン
花椰菜,ハナヤサイ
内腿,ウチモモ
芋蔓,イモヅル
毛蟹,ケガニ
中澣,チュウカン
牝鶏,ヒンケイ
饗宴,キョウエン
末裔,マツエイ
孟夏,モウカ
蛭巻,ヒルマキ
藤袴,フジバカマ
放佚,ホウイツ
草龜,クサガメ
鼠色,ネズミイロ
矮鶏,チャボ
秋毫,シュウゴウ
帷幄上奏,イアクジョウソウ
土埃,ツチボコリ
奇巖,キガン
羅紗,ラシャ
遁辞,トンジ
鰻重,ウナジュウ
稠密,チョウミツ
稠密,チュウミツ
孤閨,コケイ
菩提所,ボダイショ
脳裡,ノウリ
盃洗,ハイセン
龜甲,キッコウ
媚態,ビタイ
肛門,コウモン
都々逸,ドドイツ
淵瀬,フチセ
皆既蝕,カイキショク
厩舎,キュウシャ
八幡西,ハチマンニシ
秋海棠,シュウカイドウ
鴬餅,ウグイスモチ
硅藻土,ケイソウド
駁説,バクセツ
土牢,ツチロウ
水黽,アメンボ
鳩尾,ミズオチ
鳩尾,ミゾオチ
綸言,リンゲン
取肴,トリザカナ
縹色,ハナダイロ
七竃,ナナカマド
衿元,エリモト
竹竿,タケザオ
萌葱色,モエギイロ
這松,ハイマツ
縞蚊,シマカ
牡丹,ボタン
窪地,クボチ
兵戈,ヘイカ
瑞相,ズイソウ
黄櫨,ハゼ
黄櫨,ハゼノキ
馴染,ナジミ
胚珠,ハイシュ
篆書,テンショ
笹竜胆,ササリンドウ
薗八節,ソノハチブシ
寂寥,セキリョウ
鋭鋒,エイホウ
唯々,イイ
奇智,キチ
瓦斯糸,ガスイト
皺腹,シワバラ
鳩羽鼠,ハトバネズミ
符牒,フチョウ
傷痍,ショウイ
淋毒,リンドク
滝壷,タキツボ
荷嵩,ニガサ
大篆,ダイテン
事勿主義,コトナカレシュギ
普陀落,フダラク
蓆旗,ムシロバタ
蟻食,アリクイ
法界悋気,ホウカイリンキ
大洲,オオス
颶風,グフウ
馬糞紙,バフンシ
膵臓,スイゾウ
索莫,サクバク
巖頭,ガントウ
汀線,テイセン
堰堤,エンテイ
桂馬,ケイマ
身贔屓,ミビイキ
臥薪嘗胆,ガシンショウタン
竜涎香,リュウゼンコウ
雷霆,ライテイ
山葵漬,ワサビヅケ
剛碗,ゴウワン
阿羅漢,アラカン
下腿,カタイ
羯鼓,カッコ
覆轍,フクテツ
質樸,シツボク
欣々然,キンキンゼン
缺字,ケツジ
孝悌,コウテイ
不躾,ブシツケ
火焔,カエン
古疵,フルキズ
智勇,チユウ
熨斗紙,ノシガミ
骨粗鬆症,コツソショウショウ
智能指数,チノウシスウ
搦手,カラメテ
不麿,フマ
皮癬,ヒゼン
菅垣,スガガキ
雲霞,ウンカ
透綾,スキヤ
芙蓉峰,フヨウホウ
金釘,カナクギ
劃一,カクイツ
坐浴,ザヨク
艷布巾,ツヤブキン
鞘堂,サヤドウ
座敷牢,ザシキロウ
先鋒,センポウ
兇状,キョウジョウ
美髯,ビゼン
膿汁,ノウジュウ
塵土,ジンド
漿果,ショウカ
正餐,セイサン
厭忌,エンキ
会厭,エエン
宮内卿,クナイキョウ
伝書鳩,デンショバト
赤鰯,アカイワシ
縞柄,シマガラ
久留米絣,クルメガスリ
愍然,ビンゼン
牡丹刷毛,ボタンバケ
針槐,ハリエンジュ
磐城,イワキ
流謫,ルタク
咄家,ハナシカ
古址,コシ
這般,シャハン
錆竹,サビダケ
私慾,シヨク
砂塵,サジン
梵字,ボンジ
胯間,コカン
鍾乳洞,ショウニュウドウ
底翳,ソコヒ
粗糠,アラヌカ
蘇芳,スオウ
金剛杖,コンゴウヅエ
平々凡々,ヘイヘイボンボン
雁木,ガンギ
珪砂,ケイシャ
口腔,コウコウ
口腔,コウクウ
偸盗,チュウトウ
勿怪,モッケ
莫連,バクレン
悉曇,シッタン
烏口,カラスグチ
三目錐,ミツメギリ
枢機卿,スウキキョウ
枢機卿,スウキケイ
斯業,シギョウ
継竿,ツギザオ
丑日,ウシノヒ
莫逆,バクギャク
紫蘇,シソ
鵞口瘡,ガコウソウ
智能,チノウ
檀徒,ダント
滄海,ソウカイ
犬釘,イヌクギ
子々孫々,シシソンソン
荷鞍,ニグラ
猿臂,エンピ
海燕,ウミツバメ
干鰯,ホシカ
芋粥,イモガユ
僭上,センジョウ
香奠,コウデン
梟首,キョウシュ
兜首,カブトクビ
百日鬘,ヒャクニチカズラ
征夷大将軍,セイイタイショウグン
儕輩,セイハイ
儕輩,サイハイ
獨酒,ドブロク
灰篩,ハイフルイ
古狸,フルダヌキ
嬌名,キョウメイ
乾鰯,ホシカ
草庵,ソウアン
胃痙攣,イケイレン
御苑,ギョエン
埠頭,フトウ
蛇蝎,ダカツ
舌鮃,シタビラメ
瀕死,ヒンシ
情誼,ジョウギ
悲愴,ヒソウ
一眸,イチボウ
鎧戸,ヨロイド
燐鉱,リンコウ
渾身,コンシン
饅頭笠,マンジュウガサ
纏足,テンソク
貪婪,ドンラン
錨地,ビョウチ
裘褐,キュウカツ
瓦礫,ガレキ
銅牌,ドウハイ
名苑,メイエン
貫禄,カンロク
糅飯,カテメシ
訥弁,トツベン
煙霞,エンカ
靱帯,ジンタイ
唐萵苣,トウジサ
帝廟,テイビョウ
組盃,クミサカズキ
夏蜜柑,ナツミカン
降雹,コウヒョウ
人蔭,ヒトカゲ
題簽,ダイセン
戎衣,ジュウイ
考妣,コウヒ
頚巻,クビマキ
素袷,スアワセ
上臈,ジョウロウ
浮屠,フト
聯隊,レンタイ
胡座鼻,アグラバナ
礬水,ドウサ
佯狂,ヨウキョウ
春霞,ハルガスミ
毅然,キゼン
金海鼠,キンコ
鵬翼,ホウヨク
車輛,シャリョウ
一口噺,ヒトクチバナシ
砂礫,サレキ
墨蹟,ボクセキ
銀牌,ギンパイ
燕子花,カキツバタ
磯魚,イサナ
上浣,ジョウカン
娑婆,シャバ
心悸亢進,シンキコウシン
山岨,ヤマソワ
散蓮華,チリレンゲ
竪桟,タテザン
脾腹,ヒバラ
頁岩,ケツガン
湿疹,シッシン
草薮,クサヤブ
蝕甚,ショクジン
魑魅,チミ
魑魅,スダマ
旧誼,キュウギ
山梔子,クチナシ
豪奢,ゴウシャ
紫宸殿,シシンデン
眷属,ケンゾク
河原撫子,カワラナデシコ
日蔭,ヒカゲ
銀箔,ギンパク
電纜,デンラン
苦瓜,ニガウリ
笹縁,ササベリ
白無垢,シロムク
火燵,コタツ
行嚢,コウノウ
糞力,クソヂカラ
訛音,カオン
連枷,カラザオ
破瓜,ハカ
熔炉,ヨウロ
針鼠,ハリネズミ
台秤,ダイバカリ
後楯,ウシロダテ
来駕,ライガ
侠盗,キョウトウ
立葵,タチアオイ
牽牛,ケンギュウ
蓮葉,ハスハ
漂蕩,ヒョウトウ
切疵,キリキズ
鳴禽,メイキン
手枷,テカセ
櫛形,クシガタ
弓筈,ユハズ
悖徳,ハイトク
痘瘡,トウソウ
水飴,ミズアメ
糯米,モチゴメ
御蔭様,オカゲサマ
竿竹,サオダケ
深淵,シンエン
烏賊,イカ
火桶,ヒオケ
三色菫,サンシキスミレ
辺疆,ヘンキョウ
須臾,シュユ
楊子,ヨウジ
紋甲烏賊,モンゴウイカ
筮竹,ゼイチク
喧嘩腰,ケンカゴシ
雁股,カリマタ
糶売,セリウリ
鷹野,タカノ
秘鑰,ヒヤク
漕艇,ソウテイ
捷利,ショウリ
面疔,メンチョウ
瓜田,カデン
屑糸,クズイト
濡衣,ヌレギヌ
嚢底,ノウテイ
猪突猛進,チョトツモウシン
綴字,テイジ
綴字,テツジ
急峻,キュウシュン
胸裡,キョウリ
洒々落々,シャシャラクラク
三叉路,サンサロ
鶏肋,ケイロク
盈虚,エイキョ
竦然,ショウゼン
珪石,ケイセキ
野兎,ヤト
粛々,シュクシュク
癌腫,ガンシュ
紋白蝶,モンシロチョウ
俎板,マナイタ
後胤,コウイン
外反母趾,ガイハンボシ
普賢菩薩,フゲンボサツ
荊妻,ケイサイ
愛嬌,アイキョウ
御伽,オトギ
黴毒,バイドク
形而下,ケイジカ
片々,ヘンペン
片栗,カタクリ
引目鉤鼻,ヒキメカギハナ
眷顧,ケンコ
蘭書,ランショ
枸櫞酸,クエンサン
屠所,トショ
粟粒,アワツブ
粟粒,ゾクリュウ
一絃琴,イチゲンキン
色々,イロイロ
木鋏,キバサミ
半截,ハンセツ
蕩心,トウシン
宦官,カンガン
億劫,オックウ
私撰,シセン
藁火,ワラビ
γ線,ガンマセン
目眩,メマイ
杉苔,スギゴケ
庖丁,ホウチョウ
綱曳,ツナヒキ
八面六臂,ハチメンロッピ
折烏帽子,オリエボシ
神嘗祭,カンナメサイ
錦繍,キンシュウ
宏遠,コウエン
瑞兆,ズイチョウ
蔓植物,ツルショクブツ
試煉,シレン
飛蝗,バッタ
薮入,ヤブイリ
一昨々週,イッサクサクシュウ
砿業,コウギョウ
耽美,タンビ
砒石,ヒセキ
美妓,ビギ
醤油,ショウユ
蜜柑,ミカン
竹篦,シッペイ
竹篦,タケベラ
結城紬,ユウキツムギ
戎克,ジャンク
頬紅,ホオベニ
巨魁,キョカイ
胚葉,ハイヨウ
牝馬,ヒンバ
真鴨,マガモ
燧石,ヒウチイシ
紋縮緬,モンチリメン
文々,ブンブン
閃光,センコウ
鉄道弘済会,テツドウコウサイカイ
緑綬,リョクジュ
遺誡,イカイ
夥多,カタ
目屎,メクソ
混沌,コントン
樸直,ボクチョク
柴笛,シバブエ
綴代,トジシロ
吃水線,キッスイセン
膏薬,コウヤク
小楯,コダテ
誣言,ブゲン
角錐,カクスイ
酸漿,ホオズキ
誰々,ダレダレ
鼠穴,ネズミアナ
壜詰,ビンヅメ
旅嚢,リョノウ
切痔,キレジ
阿片窟,アヘンクツ
頽齢,タイレイ
硯蓋,スズリブタ
草木瓜,クサボケ
屹然,キツゼン
板蔀,イタジトミ
龜節,カメブシ
稲荷鮨,イナリズシ
易々,イイ
侠気,キョウキ
侠気,オトコギ
流離譚,リュウリタン
桃李,トウリ
穎悟,エイゴ
廻状,カイジョウ
蒙古斑,モウコハン
平蜘蛛,ヒラタグモ
平蜘蛛,ヒラグモ
涛声,トウセイ
未曾有,ミゾウ
和気藹藹,ワキアイアイ
蒲団,フトン
闘諍,トウジョウ
昇魂之碑,ショウコンノヒ
超邁,チョウマイ
猪口才,チョコザイ
雁皮紙,ガンピシ
秤目,ハカリメ
後疵,ウシロキズ
角樽,ツノダル
軽躁,ケイソウ
智者,チシャ
田螺,タニシ
時艱,ジカン
繽紛,ヒンプン
釘隠,クギカクシ
智謀,チボウ
狼煙,ノロシ
碩学,セキガク
福祿神,フクロクジン
海鼠餅,ナマコモチ
蚕糞,コクソ
猛禽,モウキン
波瀾,ハラン
浅草海苔,アサクサノリ
米糠,コメヌカ
黯然,アンゼン
飴牛,アメウシ
亢竜,コウリョウ
鹹湖,カンコ
梁間,ハリマ
訛語,カゴ
程々,ホドホド
雀蜂,スズメバチ
音叉,オンサ
雄渾,ユウコン
葦笛,アシブエ
弘報,コウホウ
短躯,タンク
不精髭,ブショウヒゲ
好逑,コウキュウ
（社）,シャダンホウジン
清艷,セイエン
暖簾,ノレン
菖蒲湯,ショウブユ
糠漬,ヌカヅケ
厩肥,ウマヤゴエ
厩肥,キュウヒ
睫毛,マツゲ
澪標,ミオツクシ
霊柩,レイキュウ
薬鋪,ヤクホ
薄倖,ハッコウ
宸襟,シンキン
卑陋,ヒロウ
凱歌,ガイカ
操觚,ソウコ
天誅,テンチュウ
見廻組,ミマワリグミ
座蒲団,ザブトン
土蜘蛛,ツチグモ
巫術,フジュツ
儀仗,ギジョウ
手斧,テオノ
手斧,チョウナ
俸祿,ホウロク
焚付,タキツケ
辻斬,ツジギリ
籐椅子,トウイス
木端微塵,コッパミジン
鴾毛,ツキゲ
菲才,ヒサイ
絆創膏,バンソウコウ
衣紋竿,エモンザオ
初鰹,ハツガツオ
矩尺,カネジャク
矩尺,カネザシ
前々,マエマエ
亜砒酸,アヒサン
譚歌,タンカ
屋台囃子,ヤタイバヤシ
挽臼,ヒキウス
田圃,タンボ
巷間,コウカン
良辰,リョウシン
便々,ベンベン
壷皿,ツボザラ
書翰箋,ショカンセン
卜者,ボクシャ
笹折,ササオリ
婉然,エンゼン
怫然,フツゼン
肺癆,ハイロウ
空閨,クウケイ
駄々,ダダ
詭弁,キベン
義侠,ギキョウ
仔細,シサイ
孟秋,モウシュウ
白鞘,シラサヤ
草摺,クサズリ
櫛目,クシメ
助惣鱈,スケソウダラ
小智,ショウチ
本圃,ホンポ
灯蛾,トウガ
艷容,エンヨウ
柚子,ユズ
仇情,アダナサケ
仕方咄,シカタバナシ
魯鈍,ロドン
盧遮那,ルシャナ
茶箪笥,チャダンス
節榑,フシクレ
野蒜,ノビル
伽藍,ガラン
冤罪,エンザイ
瘢痕,ハンコン
汐見,シオミ
缺員,ケツイン
歿年,ボツネン
疏水,ソスイ
深々,シンシン
味噌汁,ミソシル
掛篭,カケゴ
木蓮,モクレン
二重瞼,フタエマブタ
檣楼,ショウロウ
瑣末,サマツ
粗笨,ソホン
宸筆,シンピツ
靭帯,ジンタイ
平坦,ヘイタン
紫苑,シオン
金木犀,キンモクセイ
鼻屎,ハナクソ
隈取,クマドリ
多角錐,タカクスイ
炎々,エンエン
鼠咬症,ソコウショウ
舵手,ダシュ
水禽,スイキン
傍杖,ソバヅエ
八目鰻,ヤツメウナギ
雑纂,ザッサン
山羊鬚,ヤギヒゲ
寸々,スンズン
砿石,コウセキ
塩竃,シオガマ
皇儲,コウチョ
絎台,クケダイ
明眸,メイボウ
艷種,ツヤダネ
各々,オノオノ
吾妹子,ワギモコ
叱声,シッセイ
鉄砧雲,カナトコグモ
甘味噌,アマミソ
真蛸,マダコ
軽々,ケイケイ
寒靄,カンアイ
輪袈裟,ワゲサ
橙色,ダイダイイロ
椋鳥,ムクドリ
盂蘭盆会,ウラボンエ
呉絽,ゴロ
天竺浪人,テンジクロウニン
富嶽,フガク
毛槍,ケヤリ
生蕎麦,キソバ
打紐,ウチヒモ
人糞,ジンプン
面々,メンメン
無祿,ムロク
切子灯篭,キリコドウロウ
山々,ヤマヤマ
瀑布,バクフ
抛物線,ホウブツセン
後裔,コウエイ
漁撈,ギョロウ
八重葎,ヤエムグラ
松茸,マツタケ
晨鶏,シンケイ
筥迫,ハコセコ
薩摩守,サツマノカミ
華鬘,ケマン
蟻塚,アリヅカ
酒糟,サケカス
藁灰,ワラバイ
餬口,ココウ
金無垢,キンムク
尸位素餐,シイソサン
山葵,ワサビ
飄客,ヒョウカク
直々,ジキジキ
蛋白石,タンパクセキ
憫然,ビンゼン
斯文,シブン
投槍,ナゲヤリ
溜池,タメイケ
癈疾,ハイシツ
曠古,コウコ
松涛,ショウトウ
遊侠,ユウキョウ
射倖,シャコウ
頚輪,クビワ
滴々,テキテキ
縄暖簾,ナワノレン
苫舟,トマブネ
牽牛花,ケンギュウカ
五絃,ゴゲン
菎蒻版,コンニャクバン
擂芋,スリイモ
紅生薑,ベニショウガ
昏冥,コンメイ
罫描,ケガキ
浚渫船,シュンセツセン
鉢叩,ハチタタキ
外篇,ガイヘン
一攫千金,イッカクセンキン
痴呆,チホウ
管鍼,クダバリ
肥饒,ヒジョウ
夾竹桃,キョウチクトウ
蚊鉤,カバリ
万籟,バンライ
馬喰,バクロウ
腓腸筋,ヒチョウキン
噛煙草,カミタバコ
樟脳,ショウノウ
目釘,メクギ
双眸,ソウボウ
組紐,クミヒモ
蓬生,ヨモギフ
火鑽,ヒキリ
烏有,ウユウ
諧謔,カイギャク
春蝉,ハルゼミ
空咳,カラセキ
数々,カズカズ
娼家,ショウカ
伏篭,フセゴ
粳米,ウルチマイ
肥胖症,ヒハンショウ
足枷,アシカセ
骨骼,コッカク
雛菓子,ヒナガシ
融通無碍,ユウズウムゲ
喊声,カンセイ
歯齦,シギン
規矩,キク
書痙,ショケイ
蒼天,ソウテン
杏子,アンズ
継棹,ツギザオ
人情噺,ニンジョウバナシ
二豎,ニジュ
妾出,ショウシュツ
煖房,ダンボウ
胡地,コチ
甚麼,インモ
奸計,カンケイ
雀踊,スズメオドリ
愛慾,アイヨク
躁狂,ソウキョウ
毬藻,マリモ
脾臓,ヒゾウ
淋巴管,リンパカン
大旆,タイハイ
戒杖,カイジョウ
豪宕,ゴウトウ
舳先,ヘサキ
粗筵,アラムシロ
蜜蝋,ミツロウ
俗諺,ゾクゲン
贅肉,ゼイニク
黴菌,バイキン
逆睹,ゲキト
脹満,チョウマン
木挽,コビキ
檀那寺,ダンナデラ
誣告罪,ブコクザイ
共軛,キョウヤク
天竺鼠,テンジクネズミ
稀世,キセイ
赤茄子,アカナス
廂間,ヒアワイ
鵬程,ホウテイ
貫祿,カンロク
皆々様,ミナミナサマ
遺蹟,イセキ
縄梯子,ナワバシゴ
茶杓,チャシャク
万朶,バンダ
嫣然,エンゼン
裳裾,モスソ
葱坊主,ネギボウズ
骨董,コットウ
谿谷,ケイコク
無垢,ムク
焚書坑儒,フンショコウジュ
輿論,ヨロン
紅鉄漿,ベニカネ
鳩羽色,ハトバイロ
索寞,サクバク
痳疾,リンシツ
砥粉,トノコ
荏胡麻,エゴマ
水芭蕉,ミズバショウ
後翅,コウシ
青蝿,アオバエ
早々,ソウソウ
名妓,メイギ
屏風,ビョウブ
罫線,ケイセン
祖廟,ソビョウ
法蓮草,ホウレンソウ
Ｃ型肝炎,シーガタカンエン
煤煙,バイエン
杞憂,キユウ
巌暑,ゲンショ
艷事,ツヤゴト
惘然,ボウゼン
敝衣,ヘイイ
藍綬,ランジュ
β線,ベータセン
千仞,センジン
薮蛇,ヤブヘビ
真蹟,シンセキ
芥子泥,カラシデイ
頬袋,ホオブクロ
函数,カンスウ
鳩信,キュウシン
頽唐,タイトウ
濛気,モウキ
昔馴染,ムカシナジミ
富籤,トミクジ
泥鰌,ドジョウ
渾一,コンイツ
衒学,ゲンガク
吊床,ツリドコ
雄篇,ユウヘン
臓腑,ゾウフ
鼻聾,ハナツンボ
婢僕,ヒボク
微塵,ミジン
涕涙,テイルイ
欣快,キンカイ
蜆花,シジミバナ
小・中学生,ショウチュウガクセイ
高麗鼠,コマネズミ
口喧嘩,クチゲンカ
水牢,ミズロウ
叛骨,ハンコツ
華胥,カショ
蕎麦湯,ソバユ
芸妓,ゲイギ
棍棒,コンボウ
祠堂,シドウ
圭角,ケイカク
桧皮,ヒワダ
碁笥,ゴケ
蒲柳,ホリュウ
葡萄糖,ブドウトウ
蘭鋳,ランチュウ
辻君,ツジギミ
馬鹿囃子,バカバヤシ
孟宗竹,モウソウチク
小柴垣,コシバガキ
石蝋,セキロウ
薩摩下駄,サツマゲタ
勿忘草,ワスレナグサ
印棉,インメン
歿後,ボツゴ
明眸皓歯,メイボウコウシ
茴香,ウイキョウ
胴慾,ドウヨク
乱杭,ラングイ
間鴨,アイガモ
街談巷説,ガイダンコウセツ
謂因縁,イワレインネン
艷冶,エンヤ
褪紅,タイコウ
蝦蟇口,ガマグチ
酉市,トリノイチ
寂々,セキセキ
潅木,カンボク
智慮,チリョ
石鏃,セキゾク
趨向,スウコウ
倭国,ワノクニ
倭国,ワコク
十誡,ジッカイ
明々白々,メイメイハクハク
肩胛骨,ケンコウコツ
莢豌豆,サヤエンドウ
口吻,コウフン
水嚢,スイノウ
曳網,ヒキアミ
葛餡,クズアン
処々方々,ショショホウボウ
悉皆屋,シッカイヤ
紅蓮地獄,グレンジゴク
藻汐,モシオ
斯界,シカイ
防蝕,ボウショク
曼陀羅,マンダラ
瑣細,ササイ
楊梅,ヤマモモ
情慾,ジョウヨク
嗜眠,シミン
誹諧,ハイカイ
竪坑,タテコウ
一掬,イッキク
蘭塔場,ラントウバ
氷嚢,ヒョウノウ
晨明,シンメイ
砂洲,サス
高々指,タカタカユビ
金襴緞子,キンランドンス
稜角,リョウカク
惻隠,ソクイン
甲斐性,カイショウ
蘇民将来,ソミンショウライ
胡弓,コキュウ
南鐐,ナンリョウ
聯珠,レンジュ
飯盒,ハンゴウ
端々,ハシバシ
粥腹,カユバラ
匙加減,サジカゲン
烏蛇,カラスヘビ
輓馬,バンバ
走禽,ソウキン
公孫樹髷,イチョウマゲ
信太鮨,シノダズシ
梅醤,ウメビシオ
万斛,バンコク
叛服,ハンプク
衍文,エンブン
笠付,カサヅケ
絽縮緬,ロチリメン
桧扇,ヒオウギ
卑怯,ヒキョウ
牢役人,ロウヤクニン
朴訥,ボクトツ
鮑魚,ホウギョ
水沫,スイマツ
艷姿,アデスガタ
馬盥,バダライ
栗石,クリイシ
新禧,シンキ
鉄漿,オハグロ
嫖客,ヒョウカク
金蝿,キンバエ
鯨鬚,クジラヒゲ
撓革,イタメガワ
蒔肥,マキゴエ
痔疾,ジシツ
注疏,チュウソ
山鳩色,ヤマバトイロ
淋疾,リンシツ
篠笛,シノブエ
塩辛蜻蛉,シオカラトンボ
朔風,サクフウ
繁縷,ハコベ
青黴,アオカビ
三面六臂,サンメンロッピ
二十日夷,ハツカエビス
御高誼,ゴコウギ
青瓢箪,アオビョウタン
緞帳役者,ドンチョウヤクシャ
一碧,イッペキ
僻目,ヒガメ
甜菜,テンサイ
胡蝶花,シャガ
右近橘,ウコンノタチバナ
烏勘左衛門,カラスカンザエモン
心悸,シンキ
走馬燈,ソウマトウ
分葱,ワケギ
月桂冠,ゲッケイカン
琴瑟,キンシツ
小心翼々,ショウシンヨクヨク
聯詩,レンシ
両棲,リョウセイ
貴翰,キカン
梟雄,キョウユウ
草鞋銭,ワラジセン
辻占,ツジウラ
緞帳芝居,ドンチョウシバイ
画舫,ガボウ
猥書,ワイショ
稀代,キタイ
砂嚢,サノウ
金盞花,キンセンカ
刀圭,トウケイ
兎唇,ミツクチ
兎唇,トシン
兎唇,イグチ
余喘,ヨゼン
蟻地獄,アリジゴク
髭面,ヒゲヅラ
欣欣然,キンキンゼン
事々,コトゴト
熾火,オキビ
薯蕷芋,トロロイモ
悖理,ハイリ
咳唾,ガイダ
米櫃,コメビツ
令閨,レイケイ
菩提樹,ボダイジュ
宿痾,シュクア
結跏趺坐,ケッカフザ
猥雑,ワイザツ
紋絽,モンロ
軒昂,ケンコウ
屑繭,クズマユ
古稀,コキ
午餐,ゴサン
藁筆,ワラフデ
鰹節,カツオブシ
笊耳,ザルミミ
旱害,カンガイ
邯鄲師,カンタンシ
飢饉,キキン
粳餅,ウルモチ
鞍部,アンブ
贅語,ゼイゴ
簡捷,カンショウ
庚申,コウシン
朧雲,オボログモ
鶉斑,ウズラフ
花筐,ハナガタミ
北辰,ホクシン
大嘗祭,ダイジョウサイ
玉箒,タマハハキ
新嘗祭,ニイナメサイ
薩長,サッチョウ
横縞,ヨコジマ
黄鶲,キビタキ
綿々,メンメン
松柏,ショウハク
冬葱,ワケギ
楕円,ダエン
梵論字,ボロンジ
耶蘇教,ヤソキョウ
矢絣,ヤガスリ
猊下,ゲイカ
縞馬,シマウマ
煉瓦,レンガ
俄狂言,ニワカキョウゲン
弘誓,グゼイ
沈魚落雁,チンギョラクガン
熊鷹,クマタカ
蜀錦,ショッキン
艱難辛苦,カンナンシンク
切炬燵,キリゴタツ
絃楽器,ゲンガッキ
人々,ヒトビト
唐芥子,トウガラシ
海鼠,ナマコ
枳殻,カラタチ
緬羊,メンヨウ
蓖麻,ヒマ
缺番,ケツバン
才槌,サイヅチ
捩鉢巻,ネジハチマキ
月卿雲客,ゲッケイウンカク
講筵,コウエン
梶棒,カジボウ
木蔦,キヅタ
無愛嬌,ブアイキョウ
倭絵,ヤマトエ
雛節句,ヒナノセック
頻々,ヒンピン
次々,ツギツギ
歯槽膿漏,シソウノウロウ
錨草,イカリソウ
綺麗事,キレイゴト
出缺,シュッケツ
竪穴,タテアナ
無疵,ムキズ
食用蛙,ショクヨウガエル
旧址,キュウシ
秣場,マグサバ
厭性,アキショウ
兇悪,キョウアク
内裏雛,ダイリビナ
湯桶,ユトウ
鳩時計,ハトドケイ
白膠木,ヌルデ
温灸,オンキュウ
燭光,ショッコウ
寛闊,カンカツ
煤色,ススイロ
埴土,ヘナツチ
埴土,ショクド
阿鼻叫喚,アビキョウカン
幔幕,マンマク
摸本,モホン
熨斗,ノシ
鎌鼬,カマイタチ
桧舞台,ヒノキブタイ
内々,ウチウチ
紫綬,シジュ
小槌,コヅチ
弓箭,キュウセン
悠々自適,ユウユウジテキ
薩摩上布,サツマジョウフ
金盃,キンパイ
唐獅子,カラジシ
柄杓,ヒシャク
彌次,ヤジ
山嶺,サンレイ
寓言,グウゲン
愛憐,アイレン
蓮根,レンコン
煉塀,ネリベイ
三毬杖,サギチョウ
小蔀,コジトミ
褊狭,ヘンキョウ
迂路,ウロ
木阿彌,モクアミ
長篇,チョウヘン
蔦紅葉,ツタモミジ
臍緒,ホゾノオ
羅紗紙,ラシャガミ
孟冬,モウトウ
松葉牡丹,マツバボタン
割烹,カッポウ
手筈,テハズ
姦悪,カンアク
紙屑,カミクズ
済々,セイセイ
済々,サイサイ
烟草,タバコ
六腑,ロップ
卜書,トガキ
坐骨,ザコツ
誦経,ズキョウ
誦経,ジュキョウ
腹腔,フクコウ
緊褌,キンコン
牽強,ケンキョウ
佩剣,ハイケン
濡事師,ヌレゴトシ
百味箪笥,ヒャクミダンス
淡々,タンタン
二酉,ニノトリ
柏餅,カシワモチ
蹄鉄,テイテツ
贋者,ニセモノ
洛中,ラクチュウ
曲学阿世,キョクガクアセイ
耳朶,ジダ
耳朶,ミミタブ
罫書,ケガキ
廻船,カイセン
哨舎,ショウシャ
癩者,ライシャ
石楠花,シャクナゲ
烏貝,カラスガイ
翠玉,スイギョク
暢達,チョウタツ
花筵,ハナムシロ
七々日,シチシチニチ
七々日,ナナナヌカ
朔日,サクジツ
肺尖,ハイセン
公卿,クゲ
公卿,クギョウ
最尤法,サイユウホウ
屠蘇散,トソサン
爵祿,シャクロク
蝙蝠傘,コウモリガサ
唐茄子,トウナス
煉製品,ネリセイヒン
別墅,ベッショ
肋膜炎,ロクマクエン
狂瀾,キョウラン
口々,クチグチ
妓女,ギジョ
臥牛,ガギュウ
贋首,ニセクビ
素袍,スオウ
僻遠,ヘキエン
無精髭,ブショウヒゲ
駝鳥,ダチョウ
笹色,ササイロ
摸式,モシキ
苛斂誅求,カレンチュウキュウ
痳菌,リンキン
磯馴松,ソナレマツ
木槿,ムクゲ
隆々,リュウリュウ
渉禽類,ショウキンルイ
屍体,シタイ
孔雀,クジャク
唇歯輔車,シンシホシャ
古々米,ココマイ
蕭条,ショウジョウ
雀斑,ソバカス
深潭,シンタン
旅寓,リョグウ
便蒙,ベンモウ
蒼鉛,ソウエン
硯池,ケンチ
萱草,カンゾウ
仔犬,コイヌ
田麩,デンブ
縞織,シマオリ
呑舟,ドンシュウ
下賎,ゲセン
原棉,ゲンメン
常傭,ジョウヤトイ
撞木杖,シュモクヅエ
蝿取草,ハエトリグサ
烏犀角,ウサイカク
褄黒横這,ツマグロヨコバイ
嫡々,チャクチャク
古諺,コゲン
潸然,サンゼン
泡沫,ホウマツ
泡沫,ウタカタ
短檠,タンケイ
唐箕,トウミ
糊代,ノリシロ
廻流,カイリュウ
廻報,カイホウ
胸廓,キョウカク
木菟入,ズクニュウ
金蘭簿,キンランボ
金壷,カナツボ
長汀,チョウテイ
乞巧奠,キコウデン
消壷,ケシツボ
石榴鼻,ザクロバナ
偏旁,ヘンボウ
徒爾,トジ
胡頽子,グミ
穢土,エド
天瓜粉,テンカフン
御撰,ギョセン
美祿,ビロク
耆婆扁鵲,ギバヘンジャク
痔核,ジカク
熔鉱炉,ヨウコウロ
明礬,ミョウバン
皐月雨,サツキアメ
髀肉,ヒニク
小連翹,オトギリソウ
条々,ジョウジョウ
浅葱裏,アサギウラ
満々,マンマン
製絨,セイジュウ
嫩葉,ドンヨウ
墨壷,スミツボ
脊梁,セキリョウ
懦夫,ダフ
床盃,トコサカズキ
長櫃,ナガビツ
拇印,ボイン
俘虜,フリョ
赤芽柏,アカメガシワ
陰々,インイン
病褥,ビョウジョク
粕漬,カスヅケ
胚芽,ハイガ
庚申待,コウシンマチ
獅子鼻,シシバナ
粗忽,ソコツ
悚然,ショウゼン
皮篭,カワゴ
刈萱,カルカヤ
呆気,アッケ
秦皮,トネリコ
鉱滓,コウサイ
東夷,トウイ
東夷,アズマエビス
釈迦牟尼,シャカムニ
茗荷,ミョウガ
摺本,スリホン
衛戍,エイジュ
乾咳,カラセキ
六韜三略,リクトウサンリャク
糠油,ヌカアブラ
勃々,ボツボツ
牢固,ロウコ
俚語,リゴ
下浣,ゲカン
訌争,コウソウ
前膊,ゼンハク
酒壷,サカツボ
手桶,テオケ
娑婆気,シャバケ
一蓮托生,イチレンタクショウ
意気揚々,イキヨウヨウ
飛沫,シブキ
飛沫,ヒマツ
吃音,キツオン
笹舟,ササブネ
猪子,イノコ
一旒,イチリュウ
扁額,ヘンガク
山葡萄,ヤマブドウ
竹叢,タカムラ
筆硯,ヒッケン
腫脹,シュチョウ
飛燕,ヒエン
溶銑,ヨウセン
鮨飯,スシメシ
白鷺,シラサギ
銀嶺,ギンレイ
海淵,カイエン
蔓茘枝,ツルレイシ
陥穽,カンセイ
恰幅,カップク
八幡,ハチマン
燐肥,リンピ
朧夜,オボロヨ
御籤,ミクジ
御籤,オミクジ
猥談,ワイダン
祿盗人,ロクヌスビト
洲浜台,スハマダイ
箒草,ホウキグサ
結城縞,ユウキジマ
明智,メイチ
馬簾,バレン
漫々,マンマン
途轍,トテツ
紙衾,カミブスマ
貧乏籤,ビンボウクジ
淋菌,リンキン
寂寞,セキバク
騾馬,ラバ
大晦,オオツゴモリ
癈兵,ハイヘイ
管絃楽,カンゲンガク
嬌声,キョウセイ
裘葛,キュウカツ
晦日,ミソカ
叢雲,ムラクモ
禿山,ハゲヤマ
水垢離,ミズゴリ
別嬪,ベッピン
碧瑠璃,ヘキルリ
荻町,オギマチ
光耀,コウヨウ
深邃,シンスイ
真鰈,マガレイ
黒鯛,クロダイ
紫綬褒章,シジュホウショウ
賽銭,サイセン
宗太鰹,ソウダガツオ
小禽,ショウキン
螺旋,ラセン
伍長,ゴチョウ
糠味噌,ヌカミソ
翌桧,アスナロ
狂言綺語,キョウゲンキゴ
炭疽,タンソ
鴫焼,シギヤキ
猫糞,ネコババ
八卦,ハッケ
諒闇,リョウアン
讚美歌,サンビカ
蟒蛇,ウワバミ
木鼠,キネズミ
一毫,イチゴウ
好々爺,コウコウヤ
布海苔,フノリ
有卦,ウケ
挽茶,ヒキチャ
文藝,ブンゲイ
鱗形,リンケイ
原註,ゲンチュウ
薩摩琵琶,サツマビワ
花笠,ハナガサ
城址,ジョウシ
吾子,アゴ
売卜,バイボク
生麩,ショウフ
生麩,ナマフ
姫墻,ヒメガキ
白癜,シロナマズ
鹹味,カンミ
鳩胸,ハトムネ
叉手網,サデアミ
白樫,シラカシ
二兎,ニト
蝋染,ロウゾメ
椿油,ツバキアブラ
私娼,シショウ
詩鈔,シショウ
目蔭,マカゲ
羊羹色,ヨウカンイロ
落雁,ラクガン
洒落本,シャレボン
白蟻,シロアリ
熊笹,クマザサ
糸瓜,ヘチマ
伊呂波歌,イロハウタ
人礫,ヒトツブテ
胃癌,イガン
吊目,ツリメ
万々歳,バンバンザイ
丁々,チョウチョウ
火糞,ホクソ
溜飲,リュウイン
小倅,コセガレ
頚腺,ケイセン
疝気,センキ
干戈,カンカ
稀書,キショ
蓑虫,ミノムシ
劃然,カクゼン
山襞,ヤマヒダ
是々非々,ゼゼヒヒ
翰林院,カンリンイン
惣菜,ソウザイ
雲呑,ワンタン
一籌,イッチュウ
蝋細工,ロウザイク
舌尖,ゼッセン
鎮咳剤,チンガイザイ
弁慶縞,ベンケイジマ
高嶺颪,タカネオロシ
梃子,テコ
任侠,ニンキョウ
峻厳,シュンゲン
古祠,コシ
掻玉,カキタマ
砥草,トクサ
一昨々月,イッサクサクゲツ
喘息,ゼンソク
諾々,ダクダク
伽羅,キャラ
杉綾,スギアヤ
斑鳩,イカル
枕屏風,マクラビョウブ
胡乱,ウロン
仏陀,ブツダ
仏陀,ブッダ
葦毛,アシゲ
高嶺,タカネ
螻蛄首,ケラクビ
金聾,カナツンボ
胡麻,ゴマ
寒蘭,カンラン
花簪,ハナカンザシ
角兵衛獅子,カクベエジシ
区々,クク
肉叢,シシムラ
曼荼羅華,マンダラゲ
葉蘭,ハラン
鵜匠,ウショウ
稗史,ハイシ
楔状,ケツジョウ
倹飩,ケンドン
吾妻下駄,アヅマゲタ
鶉豆,ウズラマメ
外舅,ガイキュウ
謫所,タクショ
警邏隊,ケイラタイ
横綴,ヨコトジ
喇嘛教,ラマキョウ
殯宮,ヒンキュウ
高黍,タカキビ
一瓢,イッピョウ
檣頭,ショウトウ
皮綴,カワトジ
宋音,ソウオン
鰹木,カツオギ
嶮難,ケンナン
宝籤,タカラクジ
珊瑚樹,サンゴジュ
乾坤一擲,ケンコンイッテキ
脳漿,ノウショウ
流涎,リュウゼン
衣裳人形,イショウニンギョウ
拈華微笑,ネンゲミショウ
囃子,ハヤシ
杣小屋,ソマゴヤ
碧雲,ヘキウン
涅槃会,ネハンエ
水天彷彿,スイテンホウフツ
枡目,マスメ
窮鼠,キュウソ
劈頭,ヘキトウ
妖艷,ヨウエン
屍斑,シハン
熔岩,ヨウガン
遊廓,ユウカク
御簾,ミス
玉石混淆,ギョクセキコンコウ
臥煙,ガエン
眼瞼,ガンケン
一臂,イッピ
嘘字,ウソジ
擂粉木,スリコギ
恬淡,テンタン
大兇,ダイキョウ
真槍,シンソウ
虎狼,コロウ
咬創,コウソウ
切歯扼腕,セッシヤクワン
筵旗,ムシロバタ
縮緬皺,チリメンジワ
何首烏,カシュウ
柩車,キュウシャ
列伍,レツゴ
巫祝,フシュク
個々,ココ
閏年,ウルウドシ
障礙,ショウガイ
障礙,ショウゲ
賽子,サイコロ
九鼎大呂,キュウテイタイリョ
花鋏,ハナバサミ
饅頭,マンジュウ
榛木,ハンノキ
荒夷,アラエビス
鯛焼,タイヤキ
雪袴,ユキバカマ
淋巴液,リンパエキ
金鍔,キンツバ
蕃地,バンチ
御諚,ゴジョウ
艙口,ソウコウ
更紗,サラサ
日蝕,ニッショク
切箔,キリハク
上巳,ジョウシ
上巳,ジョウミ
蝿地獄,ハエジゴク
珪肺,ケイハイ
岨道,ソバミチ
夏仔,ナツゴ
焼麩,ヤキフ
燐火,リンカ
暗々,アンアン
炒豆,イリマメ
龍笛,リョウテキ
龍笛,リュウテキ
捩花,ネジバナ
常磐木,トキワギ
水洟,ミズバナ
喉頚,ノドクビ
炭壷,スミツボ
牢番,ロウバン
木叢,コムラ
街娼,ガイショウ
内苑,ナイエン
皇祚,コウソ
淳良,ジュンリョウ
五臓六腑,ゴゾウロップ
生姜,ショウガ
創痍,ソウイ
残滓,ザンシ
残滓,ザンサイ
登遐,トウカ
吊橋,ツリバシ
発癌,ハツガン
野禽,ヤキン
卯月,ウヅキ
庵室,アンシツ
敷蒲団,シキブトン
倭人,ワジン
立錐,リッスイ
旅烏,タビガラス
平椀,ヒラワン
教鞭,キョウベン
螺子釘,ネジクギ
山毛欅,ブナ
縞蛇,シマヘビ
姦臣,カンシン
海鼠板,ナマコイタ
焙炉,ホイロ
胚乳,ハイニュウ
哨兵,ショウヘイ
甘栗,アマグリ
早月躑躅,サツキツツジ
水疱,スイホウ
客寓,カクグウ
蒸溜酒,ジョウリュウシュ
梯子段,ハシゴダン
尺牘,セキトク
石槨,セッカク
藁屋,ワラヤ
味噌歯,ミソッパ
木犀,モクセイ
形而上,ケイジジョウ
薮蚊,ヤブカ
掛蒲団,カケブトン
船檣,センショウ
鴇色,トキイロ
下疳,ゲカン
沙彌,シャミ
夾雑,キョウザツ
蕃族,バンゾク
隆昌,リュウショウ
繻珍,シチン
繻珍,シュチン
伎癢,ギヨウ
空籤,カラクジ
賜餐,シサン
餃子,ギョウザ
豌豆,エンドウ
軽佻,ケイチョウ
如簾,ジョレン
小・中学校,ショウチュウガッコウ
川獺,カワウソ
百磯城,モモシキ
絛虫,サナダムシ
絛虫,ジョウチュウ
追儺,オニヤライ
糞便,フンベン
和光同塵,ワコウドウジン
喬木,キョウボク
尖塔,セントウ
跼天蹐地,キョクテンセキチ
力瘤,チカラコブ
屠場,トジョウ
間歇熱,カンケツネツ
釣竿,ツリザオ
胡同,フートン
瓦斯灯,ガストウ
姥桜,ウバザクラ
牡丹桜,ボタンザクラ
酢蛸,スダコ
鮨詰,スシヅメ
連銭葦毛,レンゼンアシゲ
臘八,ロウハチ
雄蝶雌蝶,オチョウメチョウ
田龜,タガメ
意嚮,イコウ
蛔虫,カイチュウ
庭石菖,ニワゼキショウ
顔馴染,カオナジミ
水棲,スイセイ
苔桃,コケモモ
気息奄々,キソクエンエン
金鋏,カナバサミ
舷梯,ゲンテイ
警蹕,ケイヒツ
御酉様,オトリサマ
青黛,セイタイ
蝦夷菊,エゾギク
急湍,キュウタン
糞尿,フンニョウ
木々,キギ
埴輪,ハニワ
五郎八茶碗,ゴロハチヂャワン
絨毛,ジュウモウ
燕尾服,エンビフク
紅蓮,グレン
私娼窟,シショウクツ
真鰯,マイワシ
天秤,テンビン
戦塵,センジン
裏衿,ウラエリ
向日葵,ヒマワリ
骨壷,コツツボ
佳肴,カコウ
瀉剤,シャザイ
木屑,キクズ
碾臼,ヒキウス
猥本,ワイホン
彌生,ヤヨイ
翩翻,ヘンポン
絽織,ロオリ
茸狩,タケガリ
脚絆,キャハン
狡知,コウチ
（財）,ザイダンホウジン
智将,チショウ
盛蕎麦,モリソバ
伽羅木,キャラボク
讃歌,サンカ
白餡,シロアン
殷鑑,インカン
螺子切,ネジキリ
箴言,シンゲン
無碍,ムゲ
張三李四,チョウサンリシ
紺綬,コンジュ
筆鋒,ヒッポウ
絃歌,ゲンカ
朝靄,アサモヤ
摺足,スリアシ
梟悪,キョウアク
酒肴,サケサカナ
酒肴,シュコウ
焼肴,ヤキザカナ
人智,ジンチ
恐々,キョウキョウ
補註,ホチュウ
岩茸,イワタケ
石斛,セッコク
白玉椿,シラタマツバキ
暗澹,アンタン
雁書,ガンショ
天佑,テンユウ
瑣事,サジ
桜蝦,サクラエビ
潮汐,チョウセキ
炬火,キョカ
杜漏,ズロウ
栗名月,クリメイゲツ
累々,ルイルイ
吃水,キッスイ
浅蜊,アサリ
呉絽服連,ゴロフクレン
ＣＧＳ単位,シージーエスタンイ
微塵子,ミジンコ
哀憐,アイレン
両棲類,リョウセイルイ
沢庵,タクアン
禁裡,キンリ
楔状文字,ケツジョウモンジ
両天秤,リョウテンビン
俚言,リゲン
巷談俗説,コウダンゾクセツ
鴨脚髷,イチョウマゲ
自在鉤,ジザイカギ
菩薩道,ボサツドウ
沈毅,チンキ
蓮華草,レンゲソウ
畸型,キケイ
世智,セチ
暗渠,アンキョ
余裕綽綽,ヨユウシャクシャク
空也念仏,クウヤネンブツ
狸囃子,タヌキバヤシ
草葺,クサブキ
鬢長,ビンナガ
糞虫,クソムシ
飛礫,ツブテ
赤錆,アカサビ
馬銜,ハミ
砂嘴,サシ
爬虫類,ハチュウルイ
撥音便,ハツオンビン
廻覧,カイラン
寵臣,チョウシン
画竜点睛,ガリョウテンセイ
徴憑,チョウヒョウ
様々,サマザマ
蘇鉄,ソテツ
啓蟄,ケイチツ
躁病,ソウビョウ
忌辰,キシン
紅髯,コウゼン
辺鄙,ヘンピ
翰林,カンリン
匈奴,キョウド
棟梁,トウリョウ
艷美,エンビ
黄昏,タソガレ
偸安,トウアン
烏金,カラスガネ
猿曳,サルヒキ
俯仰,フギョウ
桐油,トウユ
微恙,ビヨウ
辮髪,ベンパツ
朝霞,アサガスミ
川淀,カワヨド
彗星,スイセイ
茜色,アカネイロ
啄木鳥,キツツキ
啄木鳥,ケラツツキ
啄木鳥,ケラ
幇間,ホウカン
同朋,ドウホウ
花魁,オイラン
硼酸,ホウサン
嶮所,ケンショ
晦渋,カイジュウ
南無阿弥陀仏,ナムアミダブツ
佳什,カジュウ
撤饌,テッセン
烏合,ウゴウ
童蒙,ドウモウ
蒼然,ソウゼン
梵文,ボンブン
破篭,ワリゴ
赤行嚢,アカコウノウ
真只中,マッタダナカ
吉辰,キッシン
徽章,キショウ
松蘿,サルオガセ
僧庵,ソウアン
万々一,マンマンイチ
追剥,オイハギ
牽強付会,ケンキョウフカイ
抒情詩,ジョジョウシ
鱈場蟹,タラバガニ
牛蛙,ウシガエル
綾町,アヤチョウ
鹹水,カンスイ
野狐禅,ヤコゼン
元兇,ゲンキョウ
鬼蜘蛛,オニグモ
苔清水,コケシミズ
櫛風沐雨,シップウモクウ
塵取,チリトリ
掉尾,チョウビ
掉尾,トウビ
俚謡,リヨウ
花崗岩,カコウガン
讚辞,サンジ
清穆,セイボク
碍子,ガイシ
宿禰,スクネ
兇変,キョウヘン
卓袱屋,チャブヤ
微醺,ビクン
駄法螺,ダボラ
曳船,エイセン
曳船,ヒキフネ
龜虫,カメムシ
歩哨,ホショウ
手箒,テボウキ
如鱗木,ジョリンモク
西諺,セイゲン
晦冥,カイメイ
陰翳,インエイ
縉紳,シンシン
釈迦如来,シャカニョライ
甲斐,カイ
呑兵衛,ノンベエ
倭名,ワミョウ
篭球,ロウキュウ
豁然,カツゼン
翌々日,ヨクヨクジツ
割栗,ワリグリ
遼遠,リョウエン
輦台,レンダイ
旗竿,ハタザオ
笹原,ササハラ
好好爺,コウコウヤ
水垢,ミズアカ
壷金,ツボガネ
鷹匠,タカジョウ
前膊骨,ゼンハクコツ
雛人形,ヒナニンギョウ
打出小槌,ウチデノコヅチ
晩餐,バンサン
山鉾巡行,ヤマボコジュンコウ
掌篇,ショウヘン
銘々,メイメイ
智略,チリャク
泥鰌髭,ドジョウヒゲ
讒臣,ザンシン
厭人,エンジン
宗廟,ソウビョウ
黒貂,クロテン
残燭,ザンショク
輻射熱,フクシャネツ
布帛,フハク
紐革,ヒモカワ
鶏姦,ケイカン
姑娘,クーニャン
碩徳,セキトク
尊翰,ソンカン
地鼠,ジネズミ
轟音,ゴウオン
虎視眈々,コシタンタン
肉襦袢,ニクジバン
人斬庖丁,ヒトキリボウチョウ
雲煙縹緲,ウンエンヒョウビョウ
癇癖,カンペキ
跨線橋,コセンキョウ
鼻糞,ハナクソ
図嚢,ズノウ
大薩摩,オオザツマ
高邁,コウマイ
印半纏,シルシバンテン
翌々月,ヨクヨクゲツ
斯学,シガク
肌襦袢,ハダジバン
湯熨,ユノシ
素襖,スオウ
頓証菩提,トンショウボダイ
魚鱗,ギョリン
蕭然,ショウゼン
粗砥,アラト
捏取,コネドリ
石蓴,アオサ
賎業,センギョウ
取舵,トリカジ
百尺竿頭,ヒャクシャクカントウ
胡麻塩,ゴマシオ
水蘚,ミズゴケ
濡場,ヌレバ
蒼空,ソウクウ
片鱗,ヘンリン
手毬,テマリ
一本槍,イッポンヤリ
巍然,ギゼン
諸彦,ショゲン
肚裏,トリ
承知之助,ショウチノスケ
蓄妾,チクショウ
木醂,キザワシ
真鯉,マゴイ
沫雪,アワユキ
魚梯,ギョテイ
牛蒡,ゴボウ
胡麻油,ゴマアブラ
雄勁,ユウケイ
肋骨,ロッコツ
肋骨,アバラボネ
隅々,スミズミ
吾木香,ワレモコウ
雲烟過眼,ウンエンカガン
半搗,ハンツキ
籾殻,モミガラ
個々人,ココジン
小癪,コシャク
殷盛,インセイ
君子蘭,クンシラン
束脩,ソクシュウ
草臥儲,クタビレモウケ
奇々怪々,キキカイカイ
鴨脚形,イチョウガタ
大鉈,オオナタ
頚骨,ケイコツ
躙口,ニジリグチ
祝捷,シュクショウ
斗掻,トカキ
衣笠,キヌガサ
連翹,レンギョウ
野袴,ノバカマ
綺麗所,キレイドコロ
藁紙,ワラガミ
柳行李,ヤナギゴウリ
粕汁,カスジル
金柑,キンカン
贅六,ゼイロク
足袋跣,タビハダシ
拗音,ヨウオン
死屍,シシ
寸莎,スサ
梯子,ハシゴ
会舘,カイカン
嬶天下,カカアデンカ
穴痔,アナジ
金蔓,カネヅル
僻事,ヒガゴト
縞目,シマメ
尖頂,センチョウ
乾癬,カンセン
高庇,コウヒ
烏麦,カラスムギ
蕎麦滓,ソバカス
工廠,コウショウ
嘗味噌,ナメミソ
唐黍,モロコシ
唐黍,トウキビ
国訛,クニナマリ
頚筋,クビスジ
座胼胝,スワリダコ
櫓太鼓,ヤグラダイコ
逆叉,サカマタ
罫紙,ケイシ
火消壷,ヒケシツボ
尖鋭,センエイ
目笊,メザル
碧玉,ヘキギョク
気侭,キママ
瞽女,ゴゼ
珪酸,ケイサン
磊落,ライラク
背嚢,ハイノウ
驍名,ギョウメイ
干鱈,ヒダラ
熬海鼠,イリコ
雪庇,セッピ
蛸入道,タコニュウドウ
男娼,ダンショウ
家蝿,イエバエ
牡丹雪,ボタンユキ
石摺,イシズリ
蒼鉛剤,ソウエンザイ
休錘,キュウスイ
痳病,リンビョウ
偏衫,ヘンサン
衒気,ゲンキ
囃子詞,ハヤシコトバ
八卦見,ハッケミ
狛犬,コマイヌ
御神輿,オミコシ
五位鷺,ゴイサギ
緇素,シソ
湯壷,ユツボ
竜攘虎搏,リュウジョウコハク
要黐,カナメモチ
梯子酒,ハシゴザケ
柳絮,リュウジョ
仏手柑,ブシュカン
中浣,チュウカン
茶碗,チャワン
厭離,エンリ
煉乳,レンニュウ
虚々実々,キョキョジツジツ
丞相,ジョウショウ
寒椿,カンツバキ
叡聞,エイブン
純乎,ジュンコ
廟堂,ビョウドウ
坐作,ザサ
大祓,オオハライ
花魁草,オイランソウ
草鞋,ワラジ
炯眼,ケイガン
菱餅,ヒシモチ
不倶載天,フグタイテン
洛外,ラクガイ
洲浜,スハマ
胡粉,ゴフン
股肱,ココウ
已上,イジョウ
段々,ダンダン
赭土,シャド
毎々,マイマイ
筍医者,タケノコイシャ
伊万里焼,イマリヤキ
糠袋,ヌカブクロ
嘗物,ナメモノ
慳貪,ケンドン
外苑,ガイエン
篠竹,シノダケ
歯屎,ハクソ
論鋒,ロンポウ
犬蓼,イヌタデ
山苞,ヤマヅト
奸策,カンサク
浩然,コウゼン
贓物,ゾウブツ
金釘流,カナクギリュウ
値嵩株,ネガサカブ
拇指,ボシ
奇々妙々,キキミョウミョウ
吾亦紅,ワレモコウ
戛然,カツゼン
腰屏風,コシビョウブ
Ｚ旗,ゼットキ
紅雀,ベニスズメ
元祿模様,ゲンロクモヨウ
鞍点,アンテン
黄綬,オウジュ
菩提寺,ボダイジ
膿胸,ノウキョウ
牡丹杏,ボタンキョウ
忿怒,フンヌ
轆轤首,ロクロクビ
晒首,サラシクビ
閏月,ジュンゲツ
腓骨,ヒコツ
殻竿,カラザオ
舌苔,ゼッタイ
蓖麻子油,ヒマシユ
中・高生,チュウコウセイ
熟鮨,ナレズシ
脆性,ゼイセイ
和冦,ワコウ
虎鶫,トラツグミ
確乎,カッコ
劫火,ゴウカ
八幡宮,ハチマングウ
湯呑,ユノミ
蛇苺,ヘビイチゴ
野鄙,ヤヒ
急霰,キュウサン
妓生,コショウ
妓生,キイサン
神智,シンチ
瑞宝章,ズイホウショウ
国衙,コクガ
若鮎,ワカアユ
早桶,ハヤオケ
半纏,ハンテン
小鴨,コガモ
御祓,オハライ
奸悪,カンアク
焚刑,フンケイ
蝸牛角上,カギュウカクジョウ
蘭学,ランガク
雄蕊,オシベ
蒟蒻玉,コンニャクダマ
愚禿,グトク
篇首,ヘンシュ
弘道,コウドウ
某々,ボウボウ
鎧板,ヨロイイタ
竹柏,ナギ
硯滴,ケンテキ
朋輩,ホウバイ
土地々々,トチトチ
孩児,ガイジ
檀那芸,ダンナゲイ
雛形,ヒナガタ
錦鯉,ニシキゴイ
画帖,ガジョウ
悲歌慷慨,ヒカコウガイ
梵唄,ボンバイ
旅篭屋,ハタゴヤ
拳々,ケンケン
野薔薇,ノバラ
敝衣破帽,ヘイイハボウ
糠星,ヌカボシ
老躯,ロウク
紋紗,モンシャ
葉牡丹,ハボタン
剃刀,カミソリ
気魄,キハク
黎明,レイメイ
輜重,シチョウ
庫裡,クリ
事々物々,ジジブツブツ
鼠毒症,ソドクショウ
封蝋,フウロウ
鏑矢,カブラヤ
本籤,ホンクジ
鴻儒,コウジュ
鰐足,ワニアシ
睾丸,コウガン
燭台,ショクダイ
蓮華,レンゲ
ＭＫＳＡ単位系,エムケイエスエイタンイケイ
沈々,チンチン
獅子王,シシオウ
蕃人,バンジン
巫女,ミコ
巫女,フジョ
讚歌,サンカ
小楊枝,コヨウジ
気嚢,キノウ
真鍮,シンチュウ
根芹,ネゼリ
汐先,シオサキ
黄櫨漆,ハゼウルシ
柴犬,シバイヌ
金槌頭,カナヅチアタマ
開衿,カイキン
手桎,テカセ
塗篭,ヌリゴメ
菎蒻玉,コンニャクダマ
繁文縟礼,ハンブンジョクレイ
心々,ココロゴコロ
聯句,レンク
木菟,ミミズク
豎子,ジュシ
羽蟻,ハアリ
燐灰土,リンカイド
旗幟,キシ
瘡毒,ソウドク
代赭,タイシャ
宏壮,コウソウ
竹簀,タケス
魚滓,ウオカス
銅戈,ドウカ
手毬花,テマリバナ
南瓜,カボチャ
弓篭手,ユゴテ
円坐,エンザ
狼火,ロウカ
舞妓,マイコ
舞妓,ブギ
鰐口,ワニグチ
尊攘,ソンジョウ
廻天,カイテン
苫屋,トマヤ
炸薬,サクヤク
棘皮動物,キョクヒドウブツ
強靱,キョウジン
糠雨,ヌカアメ
不埒,フラチ
船艙,センソウ
半々,ハンハン
碩儒,セキジュ
饌米,センマイ
水疱瘡,ミズボウソウ
旌旗,セイキ
病躯,ビョウク
草箒,クサボウキ
狗尾草,エノコログサ
臍茶,ヘソチャ
手疵,テキズ
銀杏,イチョウ
銀杏,ギンナン
絹緞,ケンドン
鱗毛,リンモウ
惨澹,サンタン
碾茶,ヒキチャ
辻説法,ツジセッポウ
癇症,カンショウ
汗疹,アセモ
曾祖父,ソウソフ
曾祖父,ヒイジジ
戦々恐々,センセンキョウキョウ
竪琴,タテゴト
笹身,ササミ
冲天,チュウテン
凍瘡,トウソウ
白几帳面,シラキチョウメン
言々句々,ゲンゲンクク
庄園,ショウエン
欣然,キンゼン
暗々裏,アンアンリ
杉蘚,スギゴケ
常套,ジョウトウ
莫大小,メリヤス
姦商,カンショウ
繚乱,リョウラン
藩屏,ハンペイ
厭戦,エンセン
昵懇,ジッコン
団々,ダンダン
綾地,アヤジ
缺漏,ケツロウ
篭手,コテ
並々,ナミナミ
先蹤,センショウ
辛味噌,カラミソ
下剋上,ゲコクジョウ
臀部,デンブ
垂涎,スイエン
諡号,シゴウ
常套句,ジョウトウク
伊達,ダテ
綺談,キダン
虫螻,ムシケラ
笹屋,ササヤ
筆蹟,ヒッセキ
禁裡様,キンリサマ
椰子,ヤシ
兇弾,キョウダン
脾肉,ヒニク
懦弱,ダジャク
蝉時雨,セミシグレ
柑橘類,カンキツルイ
太藺,フトイ
流鏑馬,ヤブサメ
毛黴,ケカビ
槍玉,ヤリダマ
鍬下,クワシタ
疼痛,トウツウ
皐月闇,サツキヤミ
初酉,ハツトリ
呑助,ノミスケ
弘法,コウボウ
橋杙,ハシグイ
光琳蒔絵,コウリンマキエ
風蘭,フウラン
五蘊,ゴウン
恰好,カッコウ
全豹,ゼンピョウ
手蔓,テヅル
芥子粒,ケシツブ
山窩,サンカ
胆嚢,タンノウ
繋累,ケイルイ
三絃,サンゲン
金屑,カナクズ
尖兵,センペイ
官衙,カンガ
魚篭,ビク
擂鉢,スリバチ
手蹟,シュセキ
硅石,ケイセキ
余燼,ヨジン
白蓮,ビャクレン
銭苔,ゼニゴケ
賓頭盧,ビンズル
光芒,コウボウ
髭題目,ヒゲダイモク
播肥,マキゴエ
終焉,シュウエン
馬橇,バソリ
断乎,ダンコ
杯盤狼藉,ハイバンロウゼキ
男妾,ダンショウ
泥濘,デイネイ
泥濘,ヌカルミ
琉金,リュウキン
臘梅,ロウバイ
虎杖,イタドリ
帚星,ホウキボシ
虚心坦懐,キョシンタンカイ
胸紐,ムナヒモ
鬱蒼,ウッソウ
灯篭,トウロウ
西戎,セイジュウ
越中褌,エッチュウフンドシ
厚誼,コウギ
稀塩酸,キエンサン
熟蕃,ジュクバン
金盥,カナダライ
鞘当,サヤアテ
微塵粉,ミジンコ
糞土,フンド
要訣,ヨウケツ
血痰,ケッタン
兵器廠,ヘイキショウ
水浅葱,ミズアサギ
内訌,ナイコウ
書翰,ショカン
阿堵物,アトブツ
悵然,チョウゼン
濡縁,ヌレエン
嗜虐,シギャク
囃子物,ハヤシモノ
銘々皿,メイメイザラ
淋巴腺,リンパセン
溝渠,コウキョ
倶梨伽羅紋紋,クリカラモンモン
元禄,ゲンロク
沢蟹,サワガニ
略綬,リャクジュ
雅鰤,ワラサ
蘭塔,ラントウ
喘鳴,ゼンメイ
木盃,モクハイ
棊子麺,キシメン
行縢,ムカバキ
寛弘,カンコウ
複々線,フクフクセン
毛氈苔,モウセンゴケ
燗鍋,カンナベ
頓智,トンチ
姦賊,カンゾク
揺籃,ヨウラン
勿体,モッタイ
範疇,ハンチュウ
雁皮,ガンピ
徒跣,カチハダシ
間歇,カンケツ
電閃,デンセン
蕁麻疹,ジンマシン
素槍,スヤリ
味噌,ミソ
蝶番,チョウツガイ
酸漿提灯,ホオズキヂョウチン
強弩,キョウド
姫鱒,ヒメマス
旧蹟,キュウセキ
杵柄,キネヅカ
喧騒,ケンソウ
雲烟,ウンエン
茶碗蒸,チャワンムシ
詩篇,シヘン
仇討,アダウチ
蛮夷,バンイ
鞍馬,アンバ
栗毛,クリゲ
曼珠沙華,マンジュシャゲ
蓮糸,ハスイト
羸痩,ルイソウ
譚詩,タンシ
葦登,ヨシノボリ
家苞,イエヅト
太棹,フトザオ
梵妻,ボンサイ
誤謬,ゴビュウ
洒落,シャラク
洒落,シャレ
蜘蛛手,クモデ
穿刺,センシ
手摺,テスリ
砒素,ヒソ
倭琴,ヤマトゴト
痼疾,コシツ
朱欒,ザボン
櫓脚,ロアシ
老鴬,ロウオウ
漢奸,カンカン
侘住居,ワビズマイ
旅篭,ハタゴ
涜神,トクシン
山鉾,ヤマボコ
財嚢,ザイノウ
鼈甲,ベッコウ
放埒,ホウラツ
髻華,ウズ
目篭,メカゴ
叡覧,エイラン
靴篦,クツベラ
贅物,ゼイブツ
芸苑,ゲイエン
乃父,ダイフ
赤燐,セキリン
火遁,カトン
痴話喧嘩,チワゲンカ
補陀落,フダラク
場面々々,バメンバメン
驃騎兵,ヒョウキヘイ
雛壇,ヒナダン
屎尿,シニョウ
微々,ビビ
狭隘,キョウアイ
撰集,センジュウ
撰集,センシュウ
手前味噌,テマエミソ
脳震盪,ノウシントウ
目庇,マビサシ
浄几,ジョウキ
幽艷,ユウエン
蒼海,ソウカイ
蛋白,タンパク
鶴嘴,ツルハシ
宇宙塵,ウチュウジン
石鹸,セッケン
和讃,ワサン
繻子,シュス
諷意,フウイ
茶托,チャタク
鍬形虫,クワガタムシ
簡勁,カンケイ
手榴弾,テリュウダン
手榴弾,シュリュウダン
田吾作,タゴサク
鯖雲,サバグモ
天鵞絨,ビロウド
祥瑞,ショウズイ
得々,トクトク
正篇,セイヘン
高誼,コウギ
硼素,ホウソ
浜荻,ハマオギ
霊智,レイチ
谿流,ケイリュウ
膏血,コウケツ
肋間,ロッカン
階梯,カイテイ
酒樽,サカダル
彌次郎兵衛,ヤジロベエ
体躯,タイク
紛々,フンプン
勅諚,チョクジョウ
木斛,モッコク
仮綴,カリトジ
逆蜻蛉,サカトンボ
庵主,アンシュ
叢林,ソウリン
天譴,テンケン
星屑,ホシクズ
澱粉,デンプン
根瘤,コンリュウ
折鞄,オリカバン
玉鬘,タマカズラ
石茸,イワタケ
瑞穂,ミズホ
膝栗毛,ヒザクリゲ
鷹飼,タカガイ
乎古止点,ヲコトテン
巨擘,キョハク
頚木,クビキ
釣天狗,ツリテング
飯櫃,メシビツ
木瓜,ボケ
擦疵,スリキズ
兵仗,ヒョウジョウ
兵仗,ヘイジョウ
愕然,ガクゼン
魁偉,カイイ
硯材,ケンザイ
智歯,チシ
猪口,チョコ
樽俎折衝,ソンソセッショウ
彦星,ヒコボシ
茄子紺,ナスコン
延棹,ノベザオ
伊呂波歌留多,イロハガルタ
押鮨,オシズシ
迂生,ウセイ
小鬢,コビン
葦戸,ヨシド
嘘八百,ウソハッピャク
御伽草子,オトギゾウシ
禽獣,キンジュウ
骨牌,カルタ
骨牌,コッパイ
賤業,センギョウ
驕児,キョウジ
荒筵,アラムシロ
慾望,ヨクボウ
障碍,ショウガイ
障碍,ショウゲ
廻廊,カイロウ
忌憚,キタン
善哉,ゼンザイ
史蹟,シセキ
切篭灯篭,キリコドウロウ
驢馬,ロバ
蒲焼,カバヤキ
毒茸,ドクタケ
亜潅木,アカンボク
焼石膏,ショウセッコウ
疵物,キズモノ
野鼠,ノネズミ
老婢,ロウヒ
梵語,ボンゴ
四面楚歌,シメンソカ
巨巖,キョガン
甘薯,カンショ
蛆虫,ウジムシ
皮剥,カワハギ
小祠,ショウシ
托生,タクショウ
木蝋,モクロウ
桔梗,キキョウ
鴛鴦夫婦,オシドリフウフ
宝祚,ホウソ
天秤棒,テンビンボウ
文苑,ブンエン
金箔,キンパク
凄艷,セイエン
百折不撓,ヒャクセツフトウ
京洛,キョウラク
洋々,ヨウヨウ
一縷,イチル
小手毬,コデマリ
島々,シマジマ
碧眼,ヘキガン
忌諱,キキ
忌諱,キイ
小逕,ショウケイ
船渠,センキョ
蒟蒻版,コンニャクバン
什物,ジュウモツ
疵痕,キズアト
辻堂,ツジドウ
夜鷹,ヨタカ
溝萩,ミソハギ
匕首,ヒシュ
惣太鰹,ソウダガツオ
常住坐臥,ジョウジュウザガ
中砥,ナカト
片口鰯,カタクチイワシ
小姑,コジュウト
小姑,コジュウトメ
聖譚曲,セイタンキョク
鉄火味噌,テッカミソ
曼陀羅華,マンダラゲ
醇朴,ジュンボク
参覲交代,サンキンコウタイ
煤竹,ススタケ
饗膳,キョウゼン
三化螟虫,サンカメイチュウ
意慾,イヨク
溜塗,タメヌリ
鴉片,アヘン
白鑞,シロメ
些少,サショウ
桿菌,カンキン
牢名主,ロウナヌシ
聯邦,レンポウ
鴉片窟,アヘンクツ
蔗糖,ショトウ
楊柳,カワヤナギ
楊柳,ヨウリュウ
濾水,ロスイ
銚子,チョウシ
櫓下,ヤグラシタ
画鋲,ガビョウ
酉待,トリノマチ
祠祭,シサイ
祝盃,シュクハイ
中臈,チュウロウ
手槍,テヤリ
浅葱,アサツキ
浅葱,アサギ
空々,クウクウ
畳鰯,タタミイワシ
羊羹,ヨウカン
祠官,シカン
論叢,ロンソウ
疫癘,エキレイ
什宝,ジュウホウ
鳩笛,ハトブエ
家鴨,アヒル
壷焼,ツボヤキ
風声鶴唳,フウセイカクレイ
阿房,アホウ
三稜鏡,サンリョウキョウ
鰯雲,イワシグモ
一齣,ヒトコマ
銭龜,ゼニガメ
夕凪,ユウナギ
布袋葵,ホテイアオイ
女旱,オンナヒデリ
叛意,ハンイ
都邑,トユウ
猿猴,エンコウ
哥沢,ウタザワ
馬鈴薯,ジャガイモ
馬鈴薯,バレイショ
朱鷺,トキ
聯盟,レンメイ
林檎,リンゴ
野臥,ノブセリ
厭味,イヤミ
贖罪,ショクザイ
聚落,シュウラク
聚落,ジュラク
四阿,アズマヤ
金剛夜叉,コンゴウヤシャ
匹儔,ヒッチュウ
炭櫃,スビツ
飯蛸,イイダコ
贋物,ニセモノ
切々,セツセツ
青桐,アオギリ
阿古屋貝,アコヤガイ
角叉,ツノマタ
獰猛,ドウモウ
蝸牛,カギュウ
蝸牛,カタツムリ
不倶戴天,フグタイテン
高粱,コウリャン
胚子,ハイシ
御稜威,ミイツ
鋪道,ホドウ
火熨斗,ヒノシ
棒鱈,ボウダラ
海苔巻,ノリマキ
兇猛,キョウモウ
阿弥,アミ
辻車,ツジグルマ
丸髷,マルマゲ
矩形,クケイ
只者,タダモノ
自棄糞,ヤケクソ
蘊蓄,ウンチク
竹薮,タケヤブ
黒鼠,クロネズミ
藺草,イグサ
鼠径,ソケイ
逕庭,ケイテイ
巻鬚,マキヒゲ
首魁,シュカイ
上方贅六,カミガタゼイロク
蔓菜,ツルナ
皐月躑躅,サツキツツジ
総桐,ソウギリ
濾紙,ロシ
濾紙,コシガミ
水楊,カワヤナギ
葷酒,クンシュ
鉄槌,テッツイ
珊瑚珠,サンゴジュ
燐酸,リンサン
兇手,キョウシュ
兵站,ヘイタン
商売仇,ショウバイガタキ
奴婢,ヌヒ
奴婢,ドヒ
甘蔗,カンショ
甘蔗,カンシャ
磔刑,タッケイ
鞍尻,クラジリ
桧葉,ヒバ
兎馬,ウサギウマ
和気藹々,ワキアイアイ
骰子,サイコロ
骰子,サイ
憤懣,フンマン
巻帙,カンチツ
粉塵,フンジン
卓袱,シッポク
狐狸妖怪,コリヨウカイ
孔雀石,クジャクセキ
胸腔,キョウコウ
朦気,モウキ
奇捷,キショウ
躁急,ソウキュウ
要所々々,ヨウショヨウショ
跋語,バツゴ
縞物,シマモノ
悠々閑々,ユウユウカンカン
箏曲,ソウキョク
前翅,ゼンシ
仕込杖,シコミヅエ
穎才,エイサイ
人面疽,ジンメンソ
禿頭,ハゲアタマ
鍔元,ツバモト
小褄,コヅマ
恪勤,カッキン
入内雀,ニュウナイスズメ
山稜,サンリョウ
撒餌,マキエ
寵児,チョウジ
入汐,イリシオ
杏里,アンリ
顆粒,カリュウ
矮性,ワイセイ
柴山,シバヤマ
芍薬,シャクヤク
私書函,シショカン
譫言,ウワゴト
綜合大学,ソウゴウダイガク
究竟,クッキョウ
究竟,キュウキョウ
下々,シモジモ
猿轡,サルグツワ
判官贔屓,ハンガンビイキ
判官贔屓,ホウガンビイキ
躾糸,シツケイト
檀家,ダンカ
点睛,テンセイ
荒寥,コウリョウ
気褄,キヅマ
唐鍬,トウガ
唐鍬,トウグワ
夜這,ヨバイ
紐帯,チュウタイ
絹漉,キヌゴシ
救癩,キュウライ
弘済会,コウサイカイ
絹篩,キヌブルイ
万鈞,バンキン
憑依,ヒョウイ
内帑,ナイド
鬼哭,キコク
綴織,ツヅレオリ
芥子人形,ケシニンギョウ
色慾,シキヨク
眼窩,ガンカ
笊碁,ザルゴ
冬瓜,トウガ
冬瓜,トウガン
祭祀,サイシ
芥子頭,ケシアタマ
二化螟蛾,ニカメイガ
川原撫子,カワラナデシコ
俄盲,ニワカメクラ
截然,サイゼン
截然,セツゼン
嚢胞,ノウホウ
燦然,サンゼン
折々,オリオリ
奸臣,カンシン
蔦葛,ツタカズラ
黄蜀葵,トロロアオイ
黄蜀葵,オウショッキ
高坏,タカツキ
莢隠元,サヤインゲン
抒情,ジョジョウ
逆艪,サカロ
掏児,スリ
前轍,ゼンテツ
楕円弧,ダエンコ
蛟竜,コウリョウ
朝餉,アサゲ
淫祠,インシ
金紗,キンシャ
一揆,イッキ
伊賀袴,イガバカマ
街談文々集要,ガイダンブンブンシュウヨウ
首枷,クビカセ
一気呵成,イッキカセイ
帰雁,キガン
長汀曲浦,チョウテイキョクホ
千鈞,センキン
落胤,ラクイン
焚書,フンショ
奸商,カンショウ
八面玲瓏,ハチメンレイロウ
冥々,メイメイ
天稟,テンピン
駑馬,ドバ
寝藁,ネワラ
螟虫,メイチュウ
螟虫,ズイムシ
帳面々,チョウメンヅラ
尻胼胝,シリダコ
獅子舞,シシマイ
肺腑,ハイフ
撞球,ドウキュウ
迂愚,ウグ
一盞,イッサン
松葉杖,マツバヅエ
鳥瞰図,チョウカンズ
干瓢,カンピョウ
公娼,コウショウ
戦々兢々,センセンキョウキョウ
脚註,キャクチュウ
醇美,ジュンビ
篝火,カガリビ
伉配,コウハイ
籬垣,マセガキ
耆宿,キシュク
騙馬,センバ
毛臑,ケズネ
半臂,ハンピ
大鋸,オガ
輿望,ヨボウ
誨淫,カイイン
鼠輩,ソハイ
雌蕊,メシベ
再々,サイサイ
静謐,セイヒツ
水甕,ミズガメ
蒙昧,モウマイ
文學,ブンガク
魑魅魍魎,チミモウリョウ
曙光,ショコウ
粉々,コナゴナ
処々,ショショ
吸呑,スイノミ
伎倆,ギリョウ
外套,ガイトウ
茶柄杓,チャビシャク
花蕊,カズイ
八朔,ハッサク
汚穢,オアイ
汚穢,オワイ
花鰹,ハナガツオ
禰宜,ネギ
錦紗,キンシャ
伶人,レイジン
蔓草,ツルクサ
擲弾筒,テキダントウ
深山颪,ミヤマオロシ
不悉,フシツ
丸絎,マルグケ
筑南,チクナン
飛檄,ヒゲキ
湯潅,ユカン
金槌,カナヅチ
金槌,カナヅチ
兇漢,キョウカン
屑米,クズマイ
篋底,キョウテイ
庚申塚,コウシンヅカ
鳶尾,イチハツ
音燭,オンショク
家禽,カキン
扁平足,ヘンペイソク
燈台,トウダイ
烙印,ラクイン
轟然,ゴウゼン
花蘇芳,ハナズオウ
蟹工船,カニコウセン
阿鼻,アビ
抗癌剤,コウガンザイ
菫色,スミレイロ
辻強盗,ツジゴウトウ
茶匙,チャサジ
羊蹄,ギシギシ
余裕綽々,ヨユウシャクシャク
短篇,タンペン
白癬,ハクセン
爛漫,ランマン
鉄砧,カナトコ
性慾,セイヨク
陀羅尼,ダラニ
銀鼠,ギンネズ
海嶺,カイレイ
久闊,キュウカツ
一聯,イチレン
彼此,ヒシ
虹鱒,ニジマス
坐業,ザギョウ
檳榔樹,ビンロウジュ
嚢網,フクロアミ
山彦,ヤマビコ
華僑,カキョウ
三番叟,サンバソウ
覗眼鏡,ノゾキメガネ
世塵,セジン
金瘡,キンソウ
悍婦,カンプ
瑞枝,ミズエ
大鋸屑,オガクズ
烈々,レツレツ
土鳩,ドバト
釈迦三尊,シャカサンゾン
生醤油,キジョウユ
画嚢,ガノウ
竃馬,カマドウマ
石龜,イシガメ
大智,タイチ
燗番,カンバン
椋木,ムクノキ
伊勢崎織,イセザキオリ
蟇股,カエルマタ
橋梁,キョウリョウ
稀元素,キゲンソ
海狸,ビーバー
海狸,カイリ
夕餉,ユウゲ
柞蚕,サクサン
左顧右眄,サコウベン
彌次喜多,ヤジキタ
血糊,チノリ
臍帯,サイタイ
臍帯,セイタイ
瓜実顔,ウリザネガオ
長襦袢,ナガジュバン
長襦袢,ナガジバン
公衙,コウガ
竿釣,サオヅリ
蜚語,ヒゴ
櫛巻,クシマキ
巻藁,マキワラ
呆然,ボウゼン
鬼薊,オニアザミ
狐火,キツネビ
昂然,コウゼン
稜線,リョウセン
二十日鼠,ハツカネズミ
葛篭,ツヅラ
倶梨伽羅,クリカラ
鴨居,カモイ
糸鬢,イトビン
證券,ショウケン
鳥兜,トリカブト
花聟,ハナムコ
揚羽蝶,アゲハチョウ
裂痔,キレジ
霞網,カスミアミ
鄙歌,ヒナウタ
饑餓,キガ
弥勒菩薩,ミロクボサツ
熨斗袋,ノシブクロ
仇敵,キュウテキ
肺癌,ハイガン
牆壁,ショウヘキ
潅仏会,カンブツエ
些細,ササイ
硅素,ケイソ
蛇篭,ジャカゴ
芥子坊主,ケシボウズ
柑子,コウジ
片栗粉,カタクリコ
梟木,キョウボク
追而書,オッテガキ
菱形,ヒシガタ
山鳩,ヤマバト
鼠賊,ソゾク
金轡,カナグツワ
灸点,キュウテン
左衽,サジン
噺家,ハナシカ
蓚酸,シュウサン
方々,カタガタ
巨躯,キョク
熨斗目,ノシメ
擂身,スリミ
妻妾,サイショウ
謬見,ビュウケン
格子縞,コウシジマ
芭蕉布,バショウフ
手鞠花,テマリバナ
病牀,ビョウショウ
羇旅,キリョ
仄々明,ホノボノアケ
粗朶,ソダ
月夜烏,ツキヨガラス
捷径,ショウケイ
英邁,エイマイ
沢瀉,オモダカ
御輿,ミコシ
土嚢,ドノウ
大慾,タイヨク
木樋,キドイ
疥癬虫,カイセンチュウ
贓品,ゾウヒン
溌墨,ハツボク
（有）,ユウゲンガイシャ
鴻毛,コウモウ
欣幸,キンコウ
呵責,カシャク
毘沙門天,ビシャモンテン
寸楮,スンチョ
毛鉤,ケバリ
贔屓目,ヒイキメ
年甲斐,トシガイ
嬌姿,キョウシ
永訣,エイケツ
朧月,オボロヅキ
酉偏,トリヘン
厖大,ボウダイ
屁理屈,ヘリクツ
険峻,ケンシュン
須彌壇,シュミダン
硅砂,ケイシャ
梵刹,ボンサツ
梵刹,ボンセツ
熨斗鮑,ノシアワビ
星辰,セイシン
薩摩絣,サツマガスリ
禁闕,キンケツ
生々,セイセイ
顫音,センオン
乾海鼠,ホシコ
木乃伊,ミイラ
牢舎,ロウシャ
保姆,ホボ
橋頭堡,キョウトウホ
荷捌,ニサバキ
手帖,テチョウ
泥鰌隠元,ドジョウインゲン
垢光,アカビカリ
言々,ゲンゲン
葡萄色,ブドウイロ
無慾,ムヨク
名媚,メイビ
洋妾,ラシャメン
驥尾,キビ
茫然,ボウゼン
題跋,ダイバツ
瞠若,ドウジャク
幼馴染,オサナナジミ
廊下鳶,ロウカトンビ
源五郎鮒,ゲンゴロウブナ
手套,シュトウ
蚤取粉,ノミトリコ
二絃琴,ニゲンキン
箒星,ホウキボシ
車輌,シャリョウ
殺鼠剤,サッソザイ
鴟尾,シビ
曾祖母,ソウソボ
曾祖母,ヒイババ
唖然,アゼン
恩讎,オンシュウ
挽子,ヒキコ
金甌無欠,キンオウムケツ
酋長,シュウチョウ
黄楊,ツゲ
蝋石,ロウセキ
種蒔,タネマキ
生甲斐,イキガイ
艷文,エンブン
粗餐,ソサン
衣裳方,イショウカタ
葡萄茶,エビチャ
君寵,クンチョウ
早駕篭,ハヤカゴ
大袈裟,オオゲサ
青豌豆,アオエンドウ
黒檀,コクタン
牛糞,ギュウフン
島嶼,トウショ
銀燭,ギンショク
硅藻,ケイソウ
宏大,コウダイ
輿脇,コシワキ
豊艷,ホウエン
祝祷,シュクトウ
青海苔,アオノリ
肉桂,ニッケイ
聾桟敷,ツンボサジキ
下臈,ゲロウ
歳々,サイサイ
伊達者,ダテシャ
只今,タダイマ
轡虫,クツワムシ
綴蓋,トジブタ
睡蓮,スイレン
小、中学生,ショウチュウガクセイ
節々,フシブシ
龕灯,ガンドウ
馭者,ギョシャ
剽盗,ヒョウトウ
剴切,ガイセツ
点々,テンテン
α線,アルファセン
癈人,ハイジン
鷲鼻,ワシバナ
辨慶,ベンケイ
慈姑頭,クワイアタマ
腑分,フワケ
四目錐,ヨツメギリ
後塵,コウジン
綾織,アヤオリ
簒立,サンリツ
聖蹟,セイセキ
薮柑子,ヤブコウジ
籐製品,トウセイヒン
天籟,テンライ
蘊奥,ウンオウ
蘊奥,ウンノウ
散々,サンザン
屍室,シシツ
蕎麦,ソバ
洒脱,シャダツ
雑嚢,ザツノウ
姦計,カンケイ
杓子菜,シャクシナ
晏如,アンジョ
腎盂炎,ジンウエン
濡手,ヌレテ
讃仰,サンギョウ
缺文,ケツブン
煖炉,ダンロ
蝋梅,ロウバイ
剛愎,ゴウフク
優渥,ユウアク
海苔,ノリ
前々回,ゼンゼンカイ
流眄,リュウベン
晴衣裳,ハレイショウ
老鋪,ロウホ
詩嚢,シノウ
曝首,サラシクビ
本地垂迹,ホンジスイジャク
篇章,ヘンショウ
時々刻々,ジジコクコク
五月躑躅,サツキツツジ
艷聞,エンブン
防塵,ボウジン
錨鎖,ビョウサ
印篭,インロウ
遥遠,ヨウエン
水呑百姓,ミズノミビャクショウ
草莽,ソウモウ
屑物,クズモノ
拵事,コシラエゴト
茶筌,チャセン
椿事,チンジ
花卉,カキ
翕然,キュウゼン
干鯛,ヒダイ
猩紅熱,ショウコウネツ
蔭地,カゲチ
幽邃,ユウスイ
亜喬木,アキョウボク
襟刳,エリグリ
蜷局,トグロ
高蒔絵,タカマキエ
煉炭,レンタン
誕辰,タンシン
脂燭,シソク
藁工品,ワラコウヒン
抜衿,ヌキエリ
栗山,クリヤマ
茶筅髪,チャセンガミ
肋木,ロクボク
葵祭,アオイマツリ
天罰覿面,テンバツテキメン
画讚,ガサン
雁首,ガンクビ
裏矩,ウラガネ
護謨長,ゴムナガ
卯木,ウツギ
渾然一体,コンゼンイッタイ
倶楽部,クラブ
卑賎,ヒセン
俊髦,シュンボウ
籤運,クジウン
硬膏,コウコウ
物慾,ブツヨク
鶏鳴狗盗,ケイメイクトウ
桧皮葺,ヒワダブキ
楊弓,ヨウキュウ
篠懸,スズカケ
手垢,テアカ
紅綬,コウジュ
曾孫,ソウソン
曾孫,ヒマゴ
峰々,ミネミネ
齲歯,ウシ
齲歯,ムシバ
蜃気楼,シンキロウ
緞子,ドンス
金毘羅,コンピラ
猜忌,サイキ
鶸色,ヒワイロ
鵞鳥,ガチョウ
焚口,タキグチ
酒甕,サカガメ
汗疣,アセモ
薙刀,ナギナタ
石榴,ザクロ
乾坤,ケンコン
智能犯,チノウハン
吊革,ツリカワ
逗子,ズシ
壁蝨,ダニ
識閾,シキイキ
交趾,コウチン
鷹派,タカハ
鮫肌,サメハダ
謎々,ナゾナゾ
銀狐,ギンギツネ
怒涛,ドトウ
春蘭,シュンラン
下婢,カヒ
蓴菜,ジュンサイ
天地開闢,テンチカイビャク
断断乎,ダンダンコ
平紐,ヒラヒモ
楊弓場,ヨウキュウバ
獅子,シシ
砒酸鉛,ヒサンナマリ
面頬,メンボウ
気焔,キエン
刺叉,サスマタ
屑鉄,クズテツ
禿筆,チビフデ
禿筆,トクヒツ
姥捨山,ウバステヤマ
鹿砦,ロクサイ
小舅,コジュウト
花骨牌,ハナガルタ
五寸釘,ゴスンクギ
輸贏,ユエイ
庄屋,ショウヤ
胡散,ウサン
褶曲,シュウキョク
竹帛,チクハク
危殆,キタイ
社稷,シャショク
香烟,コウエン
準々,ジュンジュン
戸閾,トジキミ
奸物,カンブツ
一倡三歎,イッショウサンタン
屑屋,クズヤ
籤引,クジビキ
劫初,ゴウショ
法螺,ホラ
淫猥,インワイ
楚歌,ソカ
切屑,キリクズ
藻屑,モクズ
峻険,シュンケン
中洲,ナカス
団匪,ダンピ
剣戟,ケンゲキ
室鯵,ムロアジ
灰燼,カイジン
掻取,カイドリ
脛巾,ハバキ
亥子,イノコ
寒冷紗,カンレイシャ
不豫,フヨ
勝栗,カチグリ
山砦,サンサイ
翼々,ヨクヨク
菜切庖丁,ナキリボウチョウ
瘴気,ショウキ
野幇間,ノダイコ
矮林,ワイリン
燻製,クンセイ
棒縞,ボウジマ
箝口令,カンコウレイ
緞帳,ドンチョウ
海蘊,モズク
外寇,ガイコウ
小篆,ショウテン
昼餉,ヒルゲ
孟宗,モウソウ
混淆,ギョクセキコンコウ
梵天,ボンテン
朋党,ホウトウ
搜査,ソウサ
乳癌,ニュウガン
経綸,ケイリン
競漕,キョウソウ
碇草,イカリソウ
摩訶不思議,マカフシギ
菩提,ボダイ
鶴龜,ツルカメ
紺碧,コンペキ
北狄,ホクテキ
枡席,マスセキ
羸弱,ルイジャク
青緡,アオザシ
羽箒,ハボウキ
羽箒,ハネボウキ
女郎蜘蛛,ジョロウグモ
論攷,ロンコウ
乾瓢,カンピョウ
生々流転,セイセイルテン
褄先,ツマサキ
稲叢,イナムラ
翌々年,ヨクヨクネン
塵労,ジンロウ
嘉言,カゲン
糧秣,リョウマツ
燧鉄,ヒウチガネ
硯箱,スズリバコ
生籬,イケガキ
機嫌気褄,キゲンキヅマ
櫺子,レンジ
銅鐸,ドウタク
御蔭,オカゲ
白樺,シラカンバ
白樺,シラカバ
駿才,シュンサイ
延竿,ノベザオ
馴鹿,トナカイ
珪藻,ケイソウ
紅裙,コウクン
焜炉,コンロ
商賈,ショウコ
剥製,ハクセイ
梯団,テイダン
安・近・短,アンキンタン
Ｘ線,エックスセン
蹴鞠,ケマリ
蹴鞠,シュウキク
生簀,イケス
帷幕,イバク
自然薯,ジネンジョ
卯花,ウノハナ
鵜飼,ウカイ
銅鑼,ドラ
硯北,ケンポク
白檀,ビャクダン
摺物,スリモノ
怱卒,ソウソツ
皐月晴,サツキバレ
優艷,ユウエン
捷路,ショウロ
松蝉,マツゼミ
鎮痙剤,チンケイザイ
口髭,クチヒゲ
木蔭,コカゲ
佞人,ネイジン
野猪,ヤチョ
咬傷,コウショウ
削剥,サクハク
湯帷子,ユカタビラ
燐光,リンコウ
木鐸,ボクタク
博奕,バクエキ
博奕,バクチ
杣山,ソマヤマ
梓弓,アズサユミ
国帑,コクド
楫枕,カジマクラ
片庇,カタビサシ
烏龍茶,ウーロンチャ
弖爾乎波,テニヲハ
被傭者,ヒヨウシャ
屋体囃子,ヤタイバヤシ
廠舎,ショウシャ
鱗状,リンジョウ
養狐,ヨウコ
嬰記号,エイキゴウ
千々,チジ
恵胡海苔,エゴノリ
盲龜,モウキ
夜伽,ヨトギ
金雀児,エニシダ
首桶,クビオケ
碧海,ヘキカイ
指箴,シシン
（株）,カブシキガイシャ
趨勢,スウセイ
昼餐,チュウサン
三宝柑,サンボウカン
僻見,ヘキケン
畸人,キジン
掻巻,カイマキ
松籟,ショウライ
唐胡麻,トウゴマ
黄雀風,コウジャクフウ
呑屋,ノミヤ
風疹,フウシン
銀鱗,ギンリン
腓腹筋,ヒフクキン
飛湍,ヒタン
朝凪,アサナギ
蒼白,ソウハク
銅壷,ドウコ
肋膜,ロクマク
寵姫,チョウキ
妾腹,ショウフク
赤楝蛇,ヤマカガシ
紫電一閃,シデンイッセン
干海苔,ホシノリ
蒼生,ソウセイ
鱗翅類,リンシルイ
泥龜,ドロガメ
綽然,シャクゼン
嘉例,カレイ
艷笑,エンショウ
嬖臣,ヘイシン
縄簾,ナワスダレ
祐筆,ユウヒツ
曠世,コウセイ
囃子方,ハヤシカタ
曾遊,ソウユウ
一顰一笑,イッピンイッショウ
頭陀袋,ズダブクロ
嶄然,ザンゼン
食慾,ショクヨク
高祿,コウロク
篇目,ヘンモク
膂力,リョリョク
砒酸,ヒサン
回灯篭,マワリドウロウ
草々,ソウソウ
鄙語,ヒゴ
跫音,キョウオン
塵塚,チリヅカ
晒者,サラシモノ
長袴,ナガバカマ
仁恕,ジンジョ
機智,キチ
羽虱,ハジラミ
搗布,カジメ
荒砥,アラト
脳味噌,ノウミソ
此処,ココ
無礙,ムゲ
孟母三遷,モウボサンセン
模糊,モコ
翌々週,ヨクヨクシュウ
車曳,クルマヒキ
歿前,ボツゼン
証憑,ショウヒョウ
餞別,センベツ
地蜘蛛,ジグモ
本鬮,ホンクジ
娼婦,ショウフ
兇賊,キョウゾク
秕政,ヒセイ
諸々,モロモロ
糸鋸,イトノコ
叡慮,エイリョ
胡座,アグラ
淫蕩,イントウ
跋文,バツブン
唐橘,カラタチバナ
橢円,ダエン
鱗片,リンペン
怱忙,ソウボウ
気焔万丈,キエンバンジョウ
沽券,コケン
防空壕,ボウクウゴウ
熱澗,アツカン
色艷,イロツヤ
舌鋒,ゼッポウ
続貂,ゾクチョウ
皓歯,コウシ
粉糠雨,コヌカアメ
塩鮭,シオザケ
然々,シカジカ
地祇,チギ
海驢,アシカ
菖蒲酒,ショウブザケ
簀巻,スマキ
麝香鹿,ジャコウジカ
三題噺,サンダイバナシ
陣笠,ジンガサ
白粥,シラカユ
刳形,クリカタ
朝餐,チョウサン
燻銀,イブシギン
椀飯振舞,オウバンブルマイ
旭光,キョッコウ
赤蛙,アカガエル
蒸篭,セイロ
蒸篭,セイロウ
五穀豊穣,ゴコクホウジョウ
糊口,ココウ
而立,ジリツ
巷談,コウダン
竹蜻蛉,タケトンボ
腋芽,エキガ
日傭,ヒヨウ
日傭,ヒヤトイ
坐棺,ザカン
荊冠,ケイカン
豊頬,ホウキョウ
糸柾目,イトマサメ
酢味噌,スミソ
上澣,ジョウカン
川蝉,カワセミ
蒼古,ソウコ
瞿麦,ナデシコ
毫末,ゴウマツ
超弩級,チョウドキュウ
塵外,ジンガイ
内冑,ウチカブト
閑々,カンカン
病竃,ビョウソウ
狂躁,キョウソウ
鳩目,ハトメ
杣人,ソマビト
紙鑢,カミヤスリ
赤蜻蛉,アカトンボ
麻苧,アサオ
率爾,ソツジ
天竺葵,テンジクアオイ
金鵄勲章,キンシクンショウ
口訣,クケツ
棗椰子,ナツメヤシ
腔腸動物,コウチョウドウブツ
錐面,スイメン
兇徒,キョウト
玉葱,タマネギ
石蕗,ツワブキ
薄紗,ハクサ
僕婢,ボクヒ
獅子頭,シシガシラ
七草粥,ナナクサガユ
白栲,シロタエ
辻番,ツジバン
偃月刀,エンゲツトウ
佩刀,ハカセ
佩刀,ハイトウ
唐人髷,トウジンマゲ
曝涼,バクリョウ
碧落,ヘキラク
生贄,イケニエ
桐一葉,キリヒトハ
一葦,イチイ
山駕篭,ヤマカゴ
偕老同穴,カイロウドウケツ
朧月夜,オボロヅキヨ
其方此方,ソチコチ
卓袱台,チャブダイ
高楊枝,タカヨウジ
退嬰,タイエイ
月蝕,ゲッショク
山椒魚,サンショウウオ
繃帯,ホウタイ
鵞毛,ガモウ
佝僂病,クルビョウ
白皙,ハクセキ
粉微塵,コナミジン
草蜉蝣,クサカゲロウ
師傅,シフ
釈迦一代,シャカイチダイ
仇怨,キュウエン
雛祭,ヒナマツリ
形而上学,ケイジジョウガク
円錐,エンスイ
紫瘢,シハン
塵紙,チリガミ
平家琵琶,ヘイケビワ
卵嚢,ランノウ
淫靡,インビ
一番槍,イチバンヤリ
簾中,レンチュウ
梯段,ハシゴダン
品々,シナジナ
牡馬,ボバ
産褥,サンジョク
簀子,スノコ
阿弥陀,アミダ
茘枝,レイシ
嘉日,カジツ
白味噌,シロミソ
梯形,テイケイ
太閤,タイコウ
明烏,アケガラス
補缺,ホケツ
義捐,ギエン
種々,シュジュ
種々,クサグサ
油蝉,アブラゼミ
根柢,コンテイ
仏菩薩,ブツボサツ
朱脣,シュシン
頚椎,ケイツイ
嬌態,キョウタイ
祝筵,シュクエン
吊棚,ツリダナ
砂埃,スナボコリ
凌霄花,ノウゼンカズラ
炭塵,タンジン
福祿,フクロク
毛脛,ケズネ
信田鮨,シノダズシ
銑鉄,センテツ
鉄兜,テツカブト
燐灰石,リンカイセキ
偏頗,ヘンパ
絃楽,ゲンガク
縷言,ルゲン
天狗,テング
槍烏賊,ヤリイカ
鱗介,リンカイ
櫓拍子,ロビョウシ
波涛,ハトウ
以夷制夷,イイセイイ
凛然,リンゼン
駄洒落,ダジャレ
嬌羞,キョウシュウ
海龜,ウミガメ
帯鋸,オビノコ
雁垂,ガンダレ
交喙,イスカ
乾海苔,ホシノリ
兵燹,ヘイセン
枡組,マスグミ
越後獅子,エチゴジシ
家々,イエイエ
磯辺,イソベ
金屎,カナクソ
些事,サジ
熱燗,アツカン
担桶,タゴ
浄玻璃,ジョウハリ
雲雀,ヒバリ
釘目,クギメ
唐縮緬,トウチリメン
暗翳,アンエイ
満腔,マンコウ
友誼,ユウギ
生蕃,セイバン
古馴染,フルナジミ
佑助,ユウジョ
中篇,チュウヘン
艷書,エンショ
廻転子,カイテンシ
如夜叉,ニョヤシャ
胴龜,ドウガメ
挿櫛,サシグシ
曼荼羅,マンダラ
首鼠,シュソ
庚申薔薇,コウシンバラ
真鯛,マダイ
兇器,キョウキ
笑壷,エツボ
斗枡,トマス
味噌豆,ミソマメ
技癢,ギヨウ
帯状疱疹,タイジョウホウシン
癇癪玉,カンシャクダマ
擂餌,スリエ
寓意,グウイ
嫌々,イヤイヤ
油粕,アブラカス
廟議,ビョウギ
血膿,チウミ
日傭取,ヒヨウトリ
姦物,カンブツ
逢魔時,オウマガトキ
清婉,セイエン
穂芒,ホススキ
曠久,コウキュウ
漕手,ソウシュ
鯨蝋,ゲイロウ
橿鳥,カシドリ
龜鑑,キカン
間諜,カンチョウ
護謨,ゴム
洒洒落落,シャシャラクラク
山椒,サンショウ
蒲公英,ホコウエイ
蒲公英,タンポポ
放肆,ホウシ
銀杏髷,イチョウマゲ
小判鮫,コバンザメ
磯巾着,イソギンチャク
目糞,メクソ
笠木,カサギ
阿呆陀羅経,アホダラキョウ
縮緬,チリメン
苗圃,ビョウホ
倍々,バイバイ
上舵,アゲカジ
赭顔,シャガン
蜘蛛膜,クモマク
石斧,セキフ
走狗,ソウク
片手桶,カタテオケ
旭日大綬章,アサヒダイジュショウ
蔓立,ツルダチ
疝痛,センツウ
街衢,ガイク
夕汐,ユウシオ
鳥篭,トリカゴ
一廓,イッカク
痃癖,ケンペキ
花毛氈,ハナモウセン
鳶口,トビグチ
鉄桶,テットウ
驕傲,キョウゴウ
昇汞水,ショウコウスイ
五目鮨,ゴモクズシ
狷介,ケンカイ
叡知,エイチ
甘鯛,アマダイ
芋蔓式,イモヅルシキ
上膊,ジョウハク
琺瑯質,ホウロウシツ
盂蘭盆,ウラボン
茅屋,ボウオク
鬱々,ウツウツ
歎声,タンセイ
小咄,コバナシ
埒外,ラチガイ
位牌,イハイ
水屑,ミクズ
小雀,コガラ
魚籃,ビク
姨捨山,オバステヤマ
揚雲雀,アゲヒバリ
連雀,レンジャク
前哨,ゼンショウ
珪藻土,ケイソウド
綺語,キゴ
綺語,キギョ
濡事,ヌレゴト
緑鳩,アオバト
貝杓子,カイジャクシ
小糠,コヌカ
不愍,フビン
木訥,ボクトツ
桧垣,ヒガキ
連子鯛,レンコダイ
浪々,ロウロウ
家壁蝨,イエダニ
廻米,カイマイ
彌次馬,ヤジウマ
体腔,タイコウ
渾名,アダナ
瑞気,ズイキ
枡形,マスガタ
仁侠,ニンキョウ
群雀,ムラスズメ
晒粉,サラシコ
尖端,センタン
正鵠,セイコク
正鵠,セイコウ
真菰,マコモ
杜若,カキツバタ
恩誼,オンギ
紅鱒,ベニマス
重々,ジュウジュウ
小篇,ショウヘン
薩摩揚,サツマアゲ
櫓門,ヤグラモン
九々,クク
腰蓑,コシミノ
傭兵,ヨウヘイ
悠々,ユウユウ
竜舌蘭,リュウゼツラン
緋縮緬,ヒジリメン
急先鋒,キュウセンポウ
祿高,ロクダカ
所々,トコロドコロ
所々,ショショ
杓子,シャクシ
予餞,ヨセン
縁坐,エンザ
焼明礬,ヤキミョウバン
諜報,チョウホウ
缺格,ケッカク
臥竜,ガリョウ
捧腹,ホウフク
烏竜茶,ウーロンチャ
侏儒,シュジュ
瘡蓋,カサブタ
落莫,ラクバク
仄仄明,ホノボノアケ
生辰,セイシン
長刀酸漿,ナギナタホオズキ
謳文句,ウタイモンク
大晦日,オオミソカ
薔薇色,バライロ
石膏,セッコウ
印綬,インジュ
鳶人足,トビニンソク
側々,ソクソク
智慧袋,チエブクロ
楽屋雀,ガクヤスズメ
辛夷,コブシ
賞牌,ショウハイ
七堂伽藍,シチドウガラン
小笹,オザサ
玻璃,ハリ
膈膜,カクマク
頬桁,ホオゲタ
棘魚,トゲウオ
樺色,カバイロ
多角錐台,タカクスイダイ
縫箔,ヌイハク
花茣蓙,ハナゴザ
蕁麻,イラクサ
故智,コチ
鱗粉,リンプン
吾輩,ワガハイ
我々,ワレワレ
来寇,ライコウ
諳記,アンキ
欣求,ゴング
觝触,テイショク
峻拒,シュンキョ
寵愛,チョウアイ
復讎,フクシュウ
宥免,ユウメン
同衾,ドウキン
誣告,ブコク
輻射,フクシャ
出廬,シュツロ
缺落,ケツラク
鳥瞰,チョウカン
嘉賞,カショウ
叱正,シッセイ
闖入,チンニュウ
繁昌,ハンジョウ
侵寇,シンコウ
顛覆,テンプク
修祓,シュウフツ
修祓,シュウバツ
欣喜雀躍,キンキジャクヤク
嗚咽,オエツ
稟請,リンセイ
発疹,ホッシン
発疹,ハッシン
遊弋,ユウヨク
弘法,グホウ
喀血,カッケツ
碇泊,テイハク
峻別,シュンベツ
譴責,ケンセキ
伝播,デンパ
伝播,デンパン
沐浴,モクヨク
冒涜,ボウトク
逡巡,シュンジュン
轢死,レキシ
哨戒,ショウカイ
簒奪,サンダツ
標榜,ヒョウボウ
褪色,タイショク
按排,アンバイ
連坐,レンザ
感佩,カンパイ
紊乱,ブンラン
紊乱,ビンラン
席捲,セッケン
頬被,ホオカムリ
終熄,シュウソク
溢血,イッケツ
銓衡,センコウ
反噬,ハンゼイ
悋気,リンキ
廃頽,ハイタイ
諒承,リョウショウ
剥離,ハクリ
揺曳,ヨウエイ
疏通,ソツウ
縷陳,ルチン
撒布,サンプ
撒布,サップ
剔出,テキシュツ
驚愕,キョウガク
冀求,キキュウ
昂揚,コウヨウ
相剋,ソウコク
纏綿,テンメン
頽廃,タイハイ
扮装,フンソウ
横溢,オウイツ
炸裂,サクレツ
煩悶,ハンモン
輔佐,ホサ
防遏,ボウアツ
叱責,シッセキ
阻碍,ソガイ
悖反,ハイハン
返盃,ヘンパイ
妨碍,ボウガイ
陞進,ショウシン
姦通,カンツウ
聯合,レンゴウ
補填,ホテン
御馳走,ゴチソウ
愛誦,アイショウ
受註,ジュチュウ
風靡,フウビ
耕耘,コウウン
紆余曲折,ウヨキョクセツ
銷却,ショウキャク
按腹,アンプク
顛倒,テントウ
陣歿,ジンボツ
飛翔,ヒショウ
聯絡,レンラク
喃語,ナンゴ
駁論,バクロン
沈淪,チンリン
篭絡,ロウラク
拈出,ネンシュツ
扣除,コウジョ
諷諭,フウユ
雁行,ガンコウ
青々,アオアオ
挂冠,ケイカン
展翅,テンシ
復讐,フクシュウ
緘黙,カンモク
稟議,リンギ
罹患,リカン
信憑,シンピョウ
剥奪,ハクダツ
上梓,ジョウシ
海蝕,カイショク
雑鬧,ザットウ
邀撃,ヨウゲキ
嗤笑,シショウ
検屍,ケンシ
昏倒,コントウ
奪掠,ダツリャク
撰述,センジュツ
屹立,キツリツ
徂来,ソライ
按摩,アンマ
拮抗,キッコウ
穿孔,センコウ
挺進,テイシン
蕃殖,ハンショク
常傭,ジョウヨウ
湮滅,インメツ
依怙贔屓,エコヒイキ
焼灼,ショウシャク
馴致,ジュンチ
縊死,イシ
侵蝕,シンショク
思惟,シイ
思惟,シユイ
繙読,ハンドク
按配,アンバイ
箝口,カンコウ
溯行,ソコウ
称讚,ショウサン
参篭,サンロウ
滑翔,カッショウ
訊問,ジンモン
陵駕,リョウガ
目睹,モクト
涜職,トクショク
憐察,レンサツ
吐瀉,トシャ
推輓,スイバン
播種,ハシュ
投錨,トウビョウ
挽回,バンカイ
幽栖,ユウセイ
遊蕩,ユウトウ
分娩,ブンベン
水蝕,スイショク
誅伐,チュウバツ
瞥見,ベッケン
涌出,ユウシュツ
斡旋,アッセン
廻転,カイテン
脱牢,ダツロウ
憫察,ビンサツ
改悛,カイシュン
分溜,ブンリュウ
蠱惑,コワク
醵出,キョシュツ
悲歎,ヒタン
逢着,ホウチャク
衰頽,スイタイ
鏖殺,オウサツ
昂進,コウシン
披瀝,ヒレキ
夭逝,ヨウセイ
補綴,ホテイ
補綴,ホテツ
杜絶,トゼツ
安堵,アンド
脱肛,ダッコウ
改竄,カイザン
入寇,ニュウコウ
抜擢,バッテキ
馴化,ジュンカ
恫喝,ドウカツ
訛伝,カデン
攪乱,カクラン
罹病,リビョウ
教誨,キョウカイ
捺染,ナッセン
溯江,ソコウ
雇傭,コヨウ
謳歌,オウカ
併呑,ヘイドン
連繋,レンケイ
懊悩,オウノウ
姦淫,カンイン
寓目,グウモク
抽籤,チュウセン
遥拝,ヨウハイ
允可,インカ
僭称,センショウ
摸索,モサク
謫居,タッキョ
庇護,ヒゴ
切磋,セッサ
甲論乙駁,コウロンオツバク
登攀,トウハン
扈従,コジュウ
扈従,コショウ
竄入,ザンニュウ
稀釈,キシャク
鋪装,ホソウ
区劃,クカク
熔融,ヨウユウ
熱讚,ネッサン
坐礁,ザショウ
沮喪,ソソウ
一揖,イチユウ
七顛八起,シチテンハッキ
群棲,グンセイ
殺戮,サツリク
相姦,ソウカン
蒸溜,ジョウリュウ
補弼,ホヒツ
潅水,カンスイ
凱旋,ガイセン
胚胎,ハイタイ
鼎談,テイダン
刺繍,シシュウ
接吻,セップン
咫尺,シセキ
聳動,ショウドウ
撰文,センブン
寄寓,キグウ
正坐,セイザ
腐爛,フラン
激昂,ゲッコウ
偏倚,ヘンイ
制馭,セイギョ
震盪,シントウ
摸造,モゾウ
誅滅,チュウメツ
制慾,セイヨク
翔破,ショウハ
凌辱,リョウジョク
力漕,リキソウ
殲滅,センメツ
瞑想,メイソウ
口誦,コウショウ
編輯,ヘンシュウ
卜居,ボッキョ
掘鑿,クッサク
慰撫,イブ
起臥,キガ
屠腹,トフク
跪拝,キハイ
放擲,ホウテキ
鑽孔,サンコウ
阿付,アフ
祈祷,キトウ
頤使,イシ
饋還,キカン
指嗾,シソウ
入渠,ニュウキョ
擱筆,カクヒツ
顫動,センドウ
使嗾,シソウ
帰臥,キガ
缺勤,ケッキン
憫笑,ビンショウ
逼迫,ヒッパク
破牢,ハロウ
抜萃,バッスイ
背馳,ハイチ
馳駆,チク
離叛,リハン
按分,アンブン
鹸化,ケンカ
断截,ダンサイ
読誦,ドクジュ
読誦,トクショウ
反芻,ハンスウ
隠栖,インセイ
病歿,ビョウボツ
嬉戯,キギ
轟沈,ゴウチン
缺如,ケツジョ
侵掠,シンリャク
蒐集,シュウシュウ
洗滌,センジョウ
洗滌,センデキ
綜合,ソウゴウ
悶絶,モンゼツ
隠棲,インセイ
蕩尽,トウジン
膺懲,ヨウチョウ
安臥,アンガ
上洛,ジョウラク
喧伝,ケンデン
焦躁,ショウソウ
滲炭,シンタン
類纂,ルイサン
躬行,キュウコウ
一擲,イッテキ
堵列,トレツ
夾撃,キョウゲキ
贋作,ガンサク
云為,ウンイ
膨脹,ボウチョウ
出捐,シュツエン
猜疑,サイギ
抜錨,バツビョウ
渙発,カンパツ
打擲,チョウチャク
栖息,セイソク
邁進,マイシン
絶讚,ゼッサン
劫略,ゴウリャク
扼殺,ヤクサツ
危懼,キク
反駁,ハンバク
乖離,カイリ
直往邁進,チョクオウマイシン
沈湎,チンメン
端坐,タンザ
灼熱,シャクネツ
践祚,センソ
拱手,コウシュ
拱手,キョウシュ
緘口,カンコウ
窺知,キチ
諳譜,アンプ
鍍金,トキン
鍍金,メッキ
艤装,ギソウ
煽情,センジョウ
陸棲,リクセイ
膠化,コウカ
病臥,ビョウガ
懈怠,ケタイ
弛緩,シカン
侍坐,ジザ
風蝕,フウショク
通牒,ツウチョウ
瀰漫,ビマン
悶死,モンシ
封緘,フウカン
暗誦,アンショウ
亢奮,コウフン
雪冤,セツエン
豹変,ヒョウヘン
諷刺,フウシ
牽制,ケンセイ
麻痺,マヒ
繋属,ケイゾク
就褥,シュウジョク
赫怒,カクド
鳩首,キュウシュ
微祿,ビロク
巡邏,ジュンラ
燻蒸,クンジョウ
揣摩,シマ
伏臥,フクガ
落魄,ラクハク
実践躬行,ジッセンキュウコウ
極諌,キョッカン
筆誅,ヒッチュウ
寓居,グウキョ
匡正,キョウセイ
頤指,イシ
哄笑,コウショウ
化膿,カノウ
条播,ジョウハ
捧呈,ホウテイ
薙髪,チハツ
歎美,タンビ
捺印,ナツイン
縷説,ルセツ
洗煉,センレン
闊歩,カッポ
蒐荷,シュウカ
慴伏,ショウフク
搏動,ハクドウ
註解,チュウカイ
剥落,ハクラク
闕如,ケツジョ
企劃,キカク
漏洩,ロウセツ
漏洩,ロウエイ
蹶起,ケッキ
蔓延,マンエン
入牢,ニュウロウ
雑沓,ザットウ
蟄居,チッキョ
涵養,カンヨウ
呑吐,ドント
内々定,ナイナイテイ
復辟,フクヘキ
震撼,シンカン
輾転,テンテン
銷沈,ショウチン
戦歿,センボツ
困憊,コンパイ
朗誦,ロウショウ
捧持,ホウジ
諷詠,フウエイ
防禦,ボウギョ
物々交換,ブツブツコウカン
聯立,レンリツ
総攬,ソウラン
腐蝕,フショク
転訛,テンカ
撞着,ドウチャク
左袒,サタン
斟酌,シンシャク
蠕動,ゼンドウ
坐乗,ザジョウ
篭城,ロウジョウ
雀躍,ジャクヤク
幽棲,ユウセイ
缺場,ケツジョウ
欽慕,キンボ
捧読,ホウドク
竣成,シュンセイ
静坐,セイザ
傭船,ヨウセン
狐疑,コギ
親昵,シンジツ
嚮導,キョウドウ
嘉納,カノウ
摸写,モシャ
曳航,エイコウ
蠢動,シュンドウ
鳩合,キュウゴウ
愛撫,アイブ
泥々,ドロドロ
研鑽,ケンサン
当籤,トウセン
叛乱,ハンラン
解纜,カイラン
註記,チュウキ
糺問,キュウモン
報賽,ホウサイ
彫琢,チョウタク
缺席,ケッセキ
缺食,ケッショク
屠殺,トサツ
膠着,コウチャク
戒飭,カイショク
戒飭,カイチョク
繋争,ケイソウ
繋縛,ケイバク
充溢,ジュウイツ
遁世,トンセイ
欺瞞,ギマン
諮詢,シジュン
嵌入,カンニュウ
特輯,トクシュウ
托鉢,タクハツ
弑虐,シイギャク
瞞着,マンチャク
捏造,ネツゾウ
摸倣,モホウ
受・発信,ジュハッシン
類聚,ルイジュウ
関聯,カンレン
弁駁,ベンバク
感歎,カンタン
讚美,サンビ
三歎,サンタン
藉口,シャコウ
苦悶,クモン
晴々,ハレバレ
運漕,ウンソウ
耽読,タンドク
迸出,ヘイシュツ
仰臥,ギョウガ
堙滅,インメツ
繋船,ケイセン
蝟集,イシュウ
芟除,サンジョ
奉奠,ホウテン
盤踞,バンキョ
彎入,ワンニュウ
礼讚,ライサン
縷述,ルジュツ
褒貶,ホウヘン
輪姦,リンカン
蹈襲,トウシュウ
闡明,センメイ
戡定,カンテイ
加餐,カサン
繋留,ケイリュウ
瞠目,ドウモク
尽瘁,ジンスイ
警邏,ケイラ
瞑目,メイモク
揮毫,キゴウ
長缺,チョウケツ
眩惑,ゲンワク
安坐,アンザ
弑逆,シイギャク
媒妁,バイシャク
廓大,カクダイ
投函,トウカン
慷慨,コウガイ
聯弾,レンダン
輔導,ホドウ
共棲,キョウセイ
鏤刻,ルコク
鏤刻,ロウコク
痛哭,ツウコク
棲息,セイソク
贅言,ゼイゲン
逆睹,ギャクト
綜覧,ソウラン
驀進,バクシン
煥発,カンパツ
浮游,フユウ
掠奪,リャクダツ
簇生,ゾクセイ
簇生,ソウセイ
七顛八倒,シチテンバットウ
七顛八倒,シッテンバットウ
知悉,チシツ
慰藉,イシャ
祗候,シコウ
牢記,ロウキ
投擲,トウテキ
復誦,フクショウ
我儘,ワガママ
乾溜,カンリュウ
缺配,ケッパイ
駐箚,チュウサツ
充填,ジュウテン
挑撥,チョウハツ
瀉血,シャケツ
滲出,シンシュツ
拳々服膺,ケンケンフクヨウ
拝跪,ハイキ
悔悛,カイシュン
幇助,ホウジョ
饗応,キョウオウ
疑懼,ギク
留錫,リュウシャク
独坐,ドクザ
戦捷,センショウ
聳立,ショウリツ
入鋏,ニュウキョウ
劃定,カクテイ
掣肘,セイチュウ
憂悶,ユウモン
叩頭,コウトウ
聯想,レンソウ
寛恕,カンジョ
凝聚,ギョウシュウ
装填,ソウテン
滲透,シントウ
昂騰,コウトウ
撹乱,カクラン
撹乱,コウラン
破摧,ハサイ
倦怠,ケンタイ
誘掖,ユウエキ
鍾愛,ショウアイ
萌芽,ホウガ
謹撰,キンセン
棒諳記,ボウアンキ
叢生,ソウセイ
端倪,タンゲイ
龜裂,キレツ
扞格,カンカク
掩蔽,エンペイ
佇立,チョリツ
敷衍,フエン
回漕,カイソウ
醗酵,ハッコウ
忿怒,フンド
擯斥,ヒンセキ
騒擾,ソウジョウ
駁撃,バクゲキ
一閃,イッセン
罨法,アンポウ
傅育,フイク
挌闘,カクトウ
精煉,セイレン
訣別,ケツベツ
対晤,タイゴ
横臥,オウガ
錯綜,サクソウ
顛落,テンラク
被曝,ヒバク
装幀,ソウテイ
爛熟,ランジュク
押捺,オウナツ
曝露,バクロ
媾和,コウワ
篭居,ロウキョ
検痰,ケンタン
結紮,ケッサツ
蝉脱,センダツ
驚歎,キョウタン
踞座,キョザ
収斂,シュウレン
宣撫,センブ
罵詈,バリ
淘汰,トウタ
鎮撫,チンブ
濾過,ロカ
坐視,ザシ
切磋琢磨,セッサタクマ
奉祀,ホウシ
糊塗,コト
呻吟,シンギン
一瞥,イチベツ
淪落,リンラク
截断,セツダン
榜示,ホウジ
側臥,ソクガ
賞翫,ショウガン
註文,チュウモン
救恤,キュウジュツ
跋渉,バッショウ
屡報,ルホウ
陞叙,ショウジョ
黙祷,モクトウ
推敲,スイコウ
切諌,セッカン
親炙,シンシャ
吟誦,ギンショウ
剥脱,ハクダツ
編纂,ヘンサン
沮止,ソシ
溢水,イッスイ
撃攘,ゲキジョウ
弁疏,ベンソ
迂曲,ウキョク
紛擾,フンジョウ
排泄,ハイセツ
詠歎,エイタン
曝書,バクショ
耽溺,タンデキ
缺礼,ケツレイ
絮説,ジョセツ
諌死,カンシ
痛歎,ツウタン
分蘖,ブンケツ
亢進,コウシン
刮目,カツモク
琢磨,タクマ
廻送,カイソウ
脱糞,ダップン
交叉,コウサ
連袂,レンベイ
凋落,チョウラク
註釈,チュウシャク
臥床,ガショウ
誹議,ヒギ
牢死,ロウシ
溯及,ソキュウ
轢殺,レキサツ
牴触,テイショク
装釘,ソウテイ
炊爨,スイサン
褫奪,チダツ
缺乏,ケツボウ
刺戟,シゲキ
対坐,タイザ
馳走,チソウ
浸蝕,シンショク
忠諌,チュウカン
剽窃,ヒョウセツ
廻附,カイフ
参覲,サンキン
壟断,ロウダン
罹災,リサイ
獅子吼,シシク
直諌,チョッカン
勅撰,チョクセン
屡述,ルジュツ
掃蕩,ソウトウ
帰洛,キラク
鑽仰,サンギョウ
禁烟,キンエン
諒察,リョウサツ
波蝕,ハショク
宥和,ユウワ
反撥,ハンパツ
夭死,ヨウシ
操舵,ソウダ
兌換,ダカン
昂奮,コウフン
転々,テンテン
夭折,ヨウセツ
紆曲,ウキョク
糺弾,キュウダン
強姦,ゴウカン
抛棄,ホウキ
涸渇,コカツ
我侭,ワガママ
跳梁,チョウリョウ
均霑,キンテン
歎願,タンガン
恢復,カイフク
象嵌,ゾウガン
鹵獲,ロカク
翹望,ギョウボウ
廻旋,カイセン
交驩,コウカン
上蔟,ジョウゾク
落伍,ラクゴ
讒言,ザンゲン
震駭,シンガイ
惹起,ジャッキ
懺悔,ザンゲ
糺明,キュウメイ
自刎,ジフン
捲土重来,ケンドジュウライ
捲土重来,ケンドチョウライ
招聘,ショウヘイ
恐懼,キョウク
聯関,レンカン
涕泣,テイキュウ
廓清,カクセイ
愧死,キシ
仄聞,ソクブン
輪廻,リンネ
面晤,メンゴ
折檻,セッカン
広々,ヒロビロ
溯源,サクゲン
溯源,ソゲン
屏息,ヘイソク
誅求,チュウキュウ
帰趨,キスウ
挺身,テイシン
右顧左眄,ウコサベン
誅殺,チュウサツ
孵化,フカ
陞任,ショウニン
歎称,タンショウ
聯奏,レンソウ
缺航,ケッコウ
落磐,ラクバン
擾乱,ジョウラン
諌言,カンゲン
丸々,マルマル
逢引,アイビキ
撚糸,ネンシ
溷濁,コンダク
缺損,ケッソン
煽動,センドウ
諌止,カンシ
悶着,モンチャク
懾伏,ショウフク
輾転反側,テンテンハンソク
放蕩,ホウトウ
論駁,ロンバク
鑿井,サクセイ
低徊,テイカイ
昏睡,コンスイ
大捷,タイショウ
演繹,エンエキ
蝕害,ショクガイ
吃驚,ビックリ
鼎立,テイリツ
剿滅,ソウメツ
沈澱,チンデン
撒水,サッスイ
撒水,サンスイ
嚥下,エンカ
制禦,セイギョ
擡頭,タイトウ
櫛比,シッピ
逼塞,ヒッソク
収攬,シュウラン
吻合,フンゴウ
讒訴,ザンソ
啓蒙,ケイモウ
混淆,コンコウ
振盪,シントウ
篆刻,テンコク
軒輊,ケンチ
擅断,センダン
散佚,サンイツ
醵金,キョキン
復仇,フッキュウ
撫育,ブイク
死歿,シボツ
流涕,リュウテイ
開鑿,カイサク
辟易,ヘキエキ
嘔吐,オウト
団欒,ダンラン
甦生,コウセイ
自讚,ジサン
長嘯,チョウショウ
穎脱,エイダツ
蘇生,ソセイ
歪曲,ワイキョク
淵源,エンゲン
慨歎,ガイタン
賞讚,ショウサン
囲繞,イニョウ
囲繞,イジョウ
訓誡,クンカイ
弘通,グズウ
拝趨,ハイスウ
坦務,タンム
遁走,トンソウ
隠遁,イントン
欣喜,キンキ
叛逆,ハンギャク
斃死,ヘイシ
黙坐,モクザ
点綴,テンテイ
点綴,テンテツ
浣腸,カンチョウ
焚火,タキビ
忖度,ソンタク
自恃,ジジ
荒蕪,コウブ
電鍍,デント
彌縫,ビホウ
醇化,ジュンカ
拿捕,ダホ
教誡,キョウカイ
猪突,チョトツ
佩用,ハイヨウ
入洛,ニュウラク
入洛,ジュラク
竣功,シュンコウ
恤兵,ジュッペイ
占筮,センゼイ
坐食,ザショク
同棲,ドウセイ
薨去,コウキョ
撰修,センシュウ
試錐,シスイ
自撰,ジセン
昏迷,コンメイ
掩護,エンゴ
献盃,ケンパイ
贋造,ガンゾウ
剃髪,テイハツ
対峙,タイジ
竣工,シュンコウ
放屁,ホウヒ
缺課,ケッカ
背叛,ハイハン
容喙,ヨウカイ
逗留,トウリュウ
馘首,カクシュ
剪定,センテイ
擱座,カクザ
念誦,ネンズ
念誦,ネンジュ
鞅掌,オウショウ
牽引,ケンイン
服膺,フクヨウ
含嗽,ガンソウ
廻国,カイコク
萎靡,イビ
諒解,リョウカイ
発兌,ハツダ
填補,テンポ
跛行,ハコウ
迂回,ウカイ
長歎,チョウタン
彎曲,ワンキョク
嗜好,シコウ
重祚,ジュウソ
慙死,ザンシ
呪詛,ジュソ
賁臨,ヒリン
賁臨,フンリン
弛張,シチョウ
嗟嘆,サタン
秤量,ヒョウリョウ
裨益,ヒエキ
扼腕,ヤクワン
平臥,ヘイガ
寒々,サムザム
奠都,テント
垂涎,スイゼン
熔接,ヨウセツ
轢断,レキダン
怨嗟,エンサ
梱包,コンポウ
游泳,ユウエイ
清々,セイセイ
合祀,ゴウシ
移牒,イチョウ
歎息,タンソク
